,ICHMOKU_alert_1,ICHMOKU_alert_2,ICHMOKU_signal_1,ICHMOKU_signal_1_1,ICHMOKU_signal_2,ICHMOKU_signal_2_1,MACD,MACD_alert,MACD_signal,MACD_signal_1,MACDhist,MACDsignal,SAR,SAR_alert,SAR_signal,SAR_signal_1,base_line_fast,base_line_slow,close,conversion_line_fast,conversion_line_slow,exchange,high,lagging_span,lead_span_A,lead_span_B,low,open,scrip,scrip_name,volume
2021-06-17,,,,,,,5.54987333786039,,SELL,SELL,-4.501162119701766,10.051035457562156,1521.996627912,,SELL,SELL,1478.0,1481.0,1462.25,1478.0,1481.0,NSE,1478.75,,1440.475,1245.6750000000002,1460.0,1466.0,HDFCBANK,HDFC Bank Limited,4637442
2021-06-17,,,,,,,60.18835992121831,TRUE,SELL,BUY,-0.15741184132564,60.34577176254395,2274.9,TRUE,SELL,BUY,2227.4,2216.425,2214.15,2227.4,2216.425,NSE,2235.0,,1975.55,2081.175,2179.9,2200.0,RELIANCE,Reliance Industries Limited,7262610
2021-06-17,,,,,,,45.58994802198686,,BUY,BUY,13.495976212053115,32.09397180993374,3199.412227494391,,BUY,BUY,3293.8,3261.125,3328.5,3293.8,3261.125,NSE,3336.05,,3080.675,2530.5,3260.0,3265.5,TCS,Tata Consultancy Services Limited,2273094
2021-06-16,,,,,,,40.3029551819468,,BUY,BUY,11.582977425026339,28.71997775692046,3187.235808327101,,BUY,BUY,3260.0,3221.5,3274.35,3260.0,3221.5,NSE,3294.7,,3080.675,2530.5,3253.0,3262.1,TCS,Tata Consultancy Services Limited,1635147
2021-06-16,,,,,,,8.173082666671917,,SELL,SELL,-3.003243320815681,11.176325987487598,1523.2098244,,SELL,SELL,1479.55,1488.275,1484.6,1479.55,1488.275,NSE,1494.0,,1440.475,1245.6750000000002,1478.1,1488.0,HDFCBANK,HDFC Bank Limited,3849318
2021-06-16,,,,,,,63.43428548302836,,BUY,BUY,3.0491607601530006,60.38512472287536,2166.8792964164804,,BUY,BUY,2227.5,2216.425,2211.6,2227.5,2216.425,NSE,2247.05,,1969.925,2068.475,2205.85,2244.9,RELIANCE,Reliance Industries Limited,4978537
2021-06-15,,,,,,,9.126734098476163,,SELL,SELL,-2.800402719215354,11.927136817691517,1524.44778,,SELL,SELL,1479.55,1491.6,1490.25,1479.55,1491.6,NSE,1496.0,,1437.35,1245.6750000000002,1474.8,1486.0,HDFCBANK,HDFC Bank Limited,3784224
2021-06-15,,,,,,,9.635914884546992,,SELL,SELL,-2.9913226129483643,12.627237497495356,1525.711,,SELL,SELL,1482.275,1493.75,1491.3,1482.275,1493.75,NSE,1496.0,,1437.35,1245.6750000000002,1474.8,1486.0,HDFCBANK,HDFC Bank Limited,3784024
2021-06-15,,,,,,,66.47277201780389,,BUY,BUY,8.672784522753844,57.79998749505005,2128.847128740509,,BUY,BUY,2216.425,2216.425,2244.0,2216.425,2216.425,NSE,2274.9,,1960.6,2055.175,2240.3,2261.0,RELIANCE,Reliance Industries Limited,6981511
2021-06-15,,,,,,,66.91422268398537,,BUY,BUY,7.291388151148261,59.62283453283711,2149.294530716838,,BUY,BUY,2226.2250000000004,2216.425,2250.0,2226.2250000000004,2216.425,NSE,2274.9,,1960.6,2059.175,2240.3,2261.0,RELIANCE,Reliance Industries Limited,6981511
2021-06-15,,,,,,,36.77928636851311,,BUY,BUY,14.119509497186659,22.659776871326454,3158.6738374408656,,BUY,BUY,3247.6,3215.825,3261.0,3247.6,3215.825,NSE,3298.0,,3114.675,2498.45,3251.55,3298.0,TCS,Tata Consultancy Services Limited,1301575
2021-06-15,,,,,,,38.48205951801356,,BUY,BUY,12.657826117349682,25.824233400663875,3173.706453696779,,BUY,BUY,3251.0,3217.0,3262.75,3251.0,3217.0,NSE,3298.0,,3080.675,2505.975,3251.55,3298.0,TCS,Tata Consultancy Services Limited,1301585
2021-06-14,,,,,,,10.038746871356807,,SELL,SELL,-3.3363212793756407,13.375068150732448,1527.0,TRUE,SELL,BUY,1482.275,1493.75,1480.0,1482.275,1493.75,NSE,1486.0,,1437.35,1245.6750000000002,1462.55,1478.25,HDFCBANK,HDFC Bank Limited,4440098
2021-06-14,,,,,,,65.5533528472547,,BUY,BUY,9.921561482893118,55.63179136436158,2111.2012826596697,,BUY,BUY,2208.1,2207.625,2244.9,2208.1,2207.625,NSE,2258.25,,1960.6,2054.55,2195.05,2215.0,RELIANCE,Reliance Industries Limited,9380089
2021-06-14,,,,,,,34.249139019608265,,BUY,BUY,15.119239522578475,19.12989949702979,3141.9709304898506,,BUY,BUY,3247.6,3212.0,3276.35,3247.6,3212.0,NSE,3308.7,,3122.675,2498.45,3270.35,3279.0,TCS,Tata Consultancy Services Limited,1847138
2021-06-11,,,,,,,63.33469997361226,,BUY,BUY,10.183298979973955,53.151400993638305,2095.7792029551883,,BUY,BUY,2199.975,2198.25,2213.15,2199.975,2198.25,NSE,2228.0,,1960.6,2054.55,2180.1,2182.9,RELIANCE,Reliance Industries Limited,6349799
2021-06-11,,,,,,,28.958672563084747,,BUY,BUY,13.608582946699576,15.350089616385171,3123.412144988723,,BUY,BUY,3221.5,3212.0,3273.8,3221.5,3212.0,NSE,3309.0,,3167.525,2498.45,3211.0,3211.55,TCS,Tata Consultancy Services Limited,3452723
2021-06-11,,,,,,,11.557434289119328,,SELL,SELL,-2.651714181457029,14.209148470576357,1472.05,,BUY,BUY,1493.025,1499.525,1486.35,1493.025,1499.525,NSE,1496.55,,1437.35,1245.6750000000002,1481.05,1491.0,HDFCBANK,HDFC Bank Limited,3601929
2021-06-10,,,,,,,62.814387397092105,,BUY,BUY,12.208811148447289,50.605576248644816,2078.643558839098,,BUY,BUY,2199.975,2167.525,2183.0,2199.975,2167.525,NSE,2230.0,,1942.35,2054.55,2177.55,2193.4,RELIANCE,Reliance Industries Limited,6529037
2021-06-10,,,,,,,22.04453286674925,,BUY,BUY,10.096588987038974,11.947943879710277,3114.0566793355683,,BUY,BUY,3178.0,3173.0,3216.8,3178.0,3173.0,NSE,3224.0,,3167.225,2472.5,3193.0,3210.0,TCS,Tata Consultancy Services Limited,1873944
2021-06-10,,,,,,,12.681178094494726,,SELL,SELL,-2.190898921445889,14.872077015940615,1472.05,,BUY,BUY,1496.35,1499.525,1481.05,1496.35,1499.525,NSE,1489.0,,1425.025,1245.6750000000002,1473.65,1482.1,HDFCBANK,HDFC Bank Limited,5739704
2021-06-09,,,,,,,18.702564994456225,,BUY,BUY,9.27876836150569,9.423796632950534,3103.8876949299656,,BUY,BUY,3176.825,3173.0,3200.25,3176.825,3173.0,NSE,3220.0,,3160.025,2472.5,3186.2,3202.0,TCS,Tata Consultancy Services Limited,1710737
2021-06-09,,,,,,,14.470666688344863,TRUE,SELL,BUY,-0.9491350579572249,15.419801746302088,1468.4522944813195,,BUY,BUY,1498.5,1499.525,1480.3,1498.5,1499.525,NSE,1502.0,,1403.0,1245.6750000000002,1472.05,1483.9,HDFCBANK,HDFC Bank Limited,5110362
2021-06-09,,,,,,,64.3064337100127,,BUY,BUY,16.753060248479706,47.55337346153299,2059.6039542656645,,BUY,BUY,2203.975,2120.0,2175.0,2203.975,2120.0,NSE,2221.0,,1936.95,2054.55,2157.95,2219.0,RELIANCE,Reliance Industries Limited,5263800
2021-06-08,,,,,,,15.850052328446054,,BUY,BUY,8.745947785871945,7.1041045425741105,3092.8344510108323,,BUY,BUY,3173.0,3173.0,3200.15,3173.0,3173.0,NSE,3231.0,,3205.575,2464.5,3187.2,3198.0,TCS,Tata Consultancy Services Limited,2573779
2021-06-08,,,,,,,66.09000651363112,,BUY,BUY,22.724898114218057,43.36510839941307,2038.4488380729604,,BUY,BUY,2203.5,2106.125,2214.6,2203.5,2106.125,NSE,2227.15,,1919.35,2054.55,2198.15,2226.6,RELIANCE,Reliance Industries Limited,4461566
2021-06-08,,,,,,,16.620586069028604,,BUY,BUY,0.9635005582372109,15.657085510791394,1463.361189653608,,BUY,BUY,1503.225,1494.725,1483.05,1503.225,1494.725,NSE,1501.3,,1399.0,1245.6750000000002,1481.5,1496.55,HDFCBANK,HDFC Bank Limited,4934741
2021-06-07,,,,,,,18.84291100846076,,BUY,BUY,3.4267006372286684,15.416210371232092,1457.8273800582697,,BUY,BUY,1507.375,1494.725,1499.85,1507.375,1494.725,NSE,1514.0,,1399.0,1245.6750000000002,1496.0,1510.0,HDFCBANK,HDFC Bank Limited,4043513
2021-06-07,,,,,,,11.988844491779219,,BUY,BUY,7.071226895673094,4.917617596106124,3084.86111809663,,BUY,BUY,3152.725,3160.775,3183.2,3152.725,3160.775,NSE,3190.45,,3213.7,2464.5,3134.0,3145.0,TCS,Tata Consultancy Services Limited,2558489
2021-06-07,,,,,,,63.37318479732403,,BUY,BUY,25.689300926465478,37.68388387085855,2014.9431534144003,,BUY,BUY,2198.25,2106.125,2227.4,2198.25,2106.125,NSE,2242.0,,1941.525,2054.55,2185.05,2202.0,RELIANCE,Reliance Industries Limited,7537445
2021-06-04,,,,,,,57.68046784600301,,BUY,BUY,26.41890920676083,31.261558639242182,1988.8257260160003,,BUY,BUY,2167.525,2105.0,2190.5,2167.525,2105.0,NSE,2216.45,,1949.35,2054.55,2184.25,2214.8,RELIANCE,Reliance Industries Limited,6673846
2021-06-04,,,,,,,8.6119742058263,,BUY,BUY,5.4621633336384505,3.14981087218785,3076.378849038968,,BUY,BUY,3142.675,3149.925,3143.75,3142.675,3149.925,NSE,3156.85,,3213.7,2464.5,3125.0,3128.0,TCS,Tata Consultancy Services Limited,1835452
2021-06-04,,,,,,,19.69478158921288,,BUY,BUY,5.135246377287956,14.559535211924924,1451.812369628554,,BUY,BUY,1507.25,1494.725,1500.95,1507.25,1494.725,NSE,1520.65,,1406.95,1245.6750000000002,1499.2,1516.0,HDFCBANK,HDFC Bank Limited,4711716
2021-06-03,,,,,,,53.332593223103004,,BUY,BUY,28.67576188555103,24.656831337551974,1959.8063622400002,,BUY,BUY,2120.0,2105.0,2209.65,2120.0,2105.0,NSE,2250.0,,1968.45,2017.175,2196.1,2221.0,RELIANCE,Reliance Industries Limited,11062276
2021-06-03,,,,,,,8.193321961488891,,BUY,BUY,6.409051922710654,1.7842700387782373,3067.3551585520936,,BUY,BUY,3156.5,3144.875,3141.25,3156.5,3144.875,NSE,3154.55,,3213.7,2464.5,3122.65,3154.55,TCS,Tata Consultancy Services Limited,1281250
2021-06-03,,,,,,,20.38360867098436,,BUY,BUY,7.107885053381423,13.275723617602935,1445.2743148136458,,BUY,BUY,1502.875,1494.725,1520.55,1502.875,1494.725,NSE,1524.95,,1406.95,1244.65,1487.75,1508.0,HDFCBANK,HDFC Bank Limited,5142760
2021-06-02,,,,,,,18.97067729286755,,BUY,BUY,7.47192493860997,11.49875235425758,1438.1677334930932,,BUY,BUY,1494.725,1485.0,1504.0,1494.725,1485.0,NSE,1510.2,,1407.825,1231.65,1493.0,1510.0,HDFCBANK,HDFC Bank Limited,5311481
2021-06-02,,,,,,,45.057559166628835,,BUY,BUY,27.569668300464617,17.487890866164218,1938.0938720000001,,BUY,BUY,2085.875,2084.75,2201.25,2085.875,2084.75,NSE,2209.5,,1968.45,2002.4,2157.0,2157.0,RELIANCE,Reliance Industries Limited,11364616
2021-06-02,,,,,,,7.794339322912947,,BUY,BUY,7.612332264812373,0.18200705810057372,3057.755487821376,,BUY,BUY,3166.375,3136.425,3129.45,3166.375,3136.425,NSE,3159.45,,3213.7,2464.5,3115.0,3150.85,TCS,Tata Consultancy Services Limited,2239824
2021-06-01,,,,,,,8.37317472861514,,BUY,BUY,10.09425073671766,-1.7210760081025196,3047.5430721504,,BUY,BUY,3160.775,3134.925,3153.0,3160.775,3134.925,NSE,3169.95,,3213.7,2464.5,3132.0,3168.6,TCS,Tata Consultancy Services Limited,1377275
2021-06-01,,,,,,,18.57641684599298,,BUY,BUY,8.945645726387895,9.630771119605086,1430.4431885794493,,BUY,BUY,1494.725,1477.75,1511.7,1494.725,1477.75,NSE,1527.0,,1419.0,1229.1750000000002,1507.25,1520.3,HDFCBANK,HDFC Bank Limited,5513683
2021-06-01,,,,,,,34.69549665576028,,BUY,BUY,24.100022864712216,10.595473791048065,1921.2488,,BUY,BUY,2082.125,2081.0,2168.9,2082.125,2081.0,NSE,2202.0,,1973.575,2002.4,2146.5,2166.0,RELIANCE,Reliance Industries Limited,12926412
2021-05-31,,,,,,,17.01899472149489,,BUY,BUY,9.62463503348678,7.394359688008112,1424.6980729568609,,BUY,BUY,1490.975,1474.475,1515.85,1490.975,1474.475,NSE,1519.5,,1426.2,1219.2,1487.5,1500.0,HDFCBANK,HDFC Bank Limited,7829623
2021-05-31,,,,,,,24.25889328144035,,BUY,BUY,19.68842520657034,4.570468074870011,1909.98,,BUY,BUY,2075.85,2075.85,2160.3,2075.85,2075.85,NSE,2191.7,,1973.575,1998.15,2085.05,2102.0,RELIANCE,Reliance Industries Limited,27276663
2021-05-31,,,,,,,6.592369377658542,,BUY,BUY,10.837008069940477,-4.244638692281935,3036.67880016,,BUY,BUY,3149.925,3134.925,3159.15,3149.925,3134.925,NSE,3170.35,,3213.7,2464.5,3128.6,3150.0,TCS,Tata Consultancy Services Limited,1651930
2021-05-28,,,,BUY,,,11.460771981396192,,BUY,BUY,11.812410208168767,-0.3516382267725757,1906.0,TRUE,BUY,SELL,2032.5,2032.5,2094.45,2032.5,2032.5,NSE,2105.0,,1975.075,1981.175,1990.0,1990.0,RELIANCE,Reliance Industries Limited,26051179
2021-05-28,,,,,,,3.597343356944748,,BUY,BUY,10.551234066711803,-6.953890709767054,3025.121064,,BUY,BUY,3144.875,3134.925,3146.35,3144.875,3134.925,NSE,3198.0,,3213.7,2464.5,3135.65,3189.5,TCS,Tata Consultancy Services Limited,1762374
2021-05-28,,,,,,,14.361063286641183,,BUY,BUY,9.372862357004767,4.988200929636417,1418.5862478264478,,BUY,BUY,1491.45,1474.475,1507.75,1491.45,1474.475,NSE,1513.0,,1450.5,1219.2,1478.75,1490.9,HDFCBANK,HDFC Bank Limited,8873262
2021-05-27,,,,,,,11.584415334713185,,BUY,BUY,8.93942999432796,2.6449853403852255,1412.0843061983487,,BUY,BUY,1481.725,1450.875,1482.65,1481.725,1450.875,NSE,1489.0,,1457.775,1219.2,1462.45,1473.1,HDFCBANK,HDFC Bank Limited,10217555
2021-05-27,,,,,,,1.0255487871322657,,BUY,BUY,10.61724801357727,-9.591699226445005,3012.8256,,BUY,BUY,3136.425,3126.875,3180.0,3136.425,3126.875,NSE,3217.75,,3207.625,2464.5,3161.8,3161.95,TCS,Tata Consultancy Services Limited,5957588
2021-05-27,TRUE,,BUY,,,,1.663740475065424,,BUY,BUY,4.968481253880192,-3.304740778814768,2005.648,,SELL,SELL,1984.9,1973.4250000000002,1976.1,1984.9,1973.4250000000002,NSE,1993.0,,1975.075,1968.65,1962.25,1970.3,RELIANCE,Reliance Industries Limited,12372808
2021-05-26,,,,,,,-5.698095173422644,,BUY,BUY,6.547916056416678,-12.246011229839322,3006.485,,BUY,BUY,3108.55,3100.5,3158.5,3108.55,3100.5,NSE,3165.0,,3198.7,2464.5,3103.8,3120.0,TCS,Tata Consultancy Services Limited,1923488
2021-05-26,,,,,,,10.427538634838356,,BUY,BUY,10.01741079303512,0.4101278418032357,1405.1673470195199,,BUY,BUY,1474.475,1450.875,1477.05,1474.475,1450.875,NSE,1487.0,,1488.8249999999998,1219.2,1470.0,1480.0,HDFCBANK,HDFC Bank Limited,6140182
2021-05-26,,,,,,,1.185147672802259,,BUY,BUY,5.732008765087075,-4.546861092284816,2009.8,,SELL,SELL,1985.45,1961.225,1970.05,1985.45,1961.225,NSE,1979.5,,2006.0,1968.65,1965.3,1975.0,RELIANCE,Reliance Industries Limited,3446909
2021-05-25,,,,,,,-12.007937535099245,TRUE,BUY,SELL,1.8750527088442475,-13.882990243943492,3004.0,TRUE,BUY,SELL,3090.175,3082.125,3114.0,3090.175,3082.125,NSE,3128.25,,3189.025,2464.5,3082.1,3092.0,TCS,Tata Consultancy Services Limited,1841470
2021-05-25,,,,,,,9.369451812309535,,BUY,BUY,11.463676668765078,-2.0942248564555443,1397.8088798079998,,BUY,BUY,1474.475,1450.875,1478.95,1474.475,1450.875,NSE,1513.75,,1492.05,1219.2,1470.5,1510.5,HDFCBANK,HDFC Bank Limited,9617274
2021-05-25,,,,,,,1.173050711763608,,BUY,BUY,7.152913995320193,-5.979863283556585,2009.8,,SELL,SELL,1988.225,1961.225,1963.15,1988.225,1961.225,NSE,1997.0,,2008.05,1968.65,1960.0,1996.4,RELIANCE,Reliance Industries Limited,6817430
2021-05-24,,,,,,,-15.356020876219645,,SELL,SELL,-1.0042674550650919,-14.351753421154553,3123.0769864879007,,SELL,SELL,3088.05,3082.05,3081.5,3088.05,3082.05,NSE,3105.0,,3160.3,2464.5,3072.0,3081.5,TCS,Tata Consultancy Services Limited,1651799
2021-05-24,,,,BUY,,,7.689210787011916,,BUY,BUY,12.649354810658732,-4.960144023646815,1389.9807231999998,,BUY,BUY,1474.475,1450.875,1509.95,1474.475,1450.875,NSE,1520.45,,1492.05,1209.5,1498.5,1503.25,HDFCBANK,HDFC Bank Limited,11066973
2021-05-24,,,,,,,1.8430934893212907,,BUY,BUY,9.611185271707924,-7.768091782386634,2012.0320000000002,,SELL,SELL,1994.225,1961.225,1985.65,1994.225,1961.225,NSE,2009.8,,2020.925,1968.65,1982.0,2008.0,RELIANCE,Reliance Industries Limited,3941877
2021-05-21,TRUE,,BUY,,,,2.276405539638972,,BUY,BUY,10.39888826595047,-8.122482726311498,1385.3174199999999,,BUY,BUY,1441.6,1441.6,1497.3,1441.6,1441.6,NSE,1501.9,,1496.775,1198.825,1443.0,1443.0,HDFCBANK,HDFC Bank Limited,9664167
2021-05-21,,,,,,,0.38059400192287285,,BUY,BUY,10.551482102236488,-10.170888100313615,2016.45,,SELL,SELL,1973.4250000000002,1961.225,2002.55,1973.4250000000002,1961.225,NSE,2009.6,,2035.8999999999999,1968.65,1986.0,1992.0,RELIANCE,Reliance Industries Limited,4976115
2021-05-21,,,,,,,-16.09694149159577,,SELL,SELL,-1.9962549342074905,-14.100686557388281,3130.6776451998944,,SELL,SELL,3080.0,3100.1,3080.5,3080.0,3100.1,NSE,3088.2,,3159.025,2464.5,3055.1,3061.0,TCS,Tata Consultancy Services Limited,1685145
2021-05-20,,,,,,,-3.212350347475194,,BUY,BUY,9.596408278397544,-12.808758625872738,2016.45,,SELL,SELL,1961.225,1961.225,1985.4,1961.225,1961.225,NSE,2010.9,,2035.8999999999999,1968.65,1981.0,1997.9,RELIANCE,Reliance Industries Limited,5270782
2021-05-20,,,,,,,-3.3774136021297636,,BUY,BUY,7.344791190669351,-10.722204792799115,1383.329,,BUY,BUY,1432.025,1432.025,1432.8,1432.025,1432.025,NSE,1465.9,,1496.775,1196.5,1428.5,1458.35,HDFCBANK,HDFC Bank Limited,5340892
2021-05-20,,,,,,,-16.706670109888364,,SELL,SELL,-3.1050472860519562,-13.601622823836408,3138.763452340313,,SELL,SELL,3080.0,3100.1,3060.0,3080.0,3100.1,NSE,3088.8,,3140.825,2464.5,3052.1,3067.1,TCS,Tata Consultancy Services Limited,2328680
2021-05-19,,,,,,,-6.005346948380293,,BUY,BUY,9.202513747091832,-15.207860695472124,2016.8137837437073,,SELL,SELL,1961.225,1961.225,1997.05,1961.225,1961.225,NSE,2016.45,,2041.6999999999998,1964.675,1972.0,1980.0,RELIANCE,Reliance Industries Limited,7523750
2021-05-19,,,,,,,-3.977344017956284,,BUY,BUY,8.58105857251017,-12.558402590466454,1381.3,,BUY,BUY,1432.025,1432.025,1458.2,1432.025,1432.025,NSE,1478.85,,1506.4,1196.5,1452.55,1470.2,HDFCBANK,HDFC Bank Limited,5065013
2021-05-19,,,,,,,-15.154626708365868,,SELL,SELL,-2.329265706042449,-12.825361002323419,3147.3653748301203,,SELL,SELL,3080.0,3100.1,3082.0,3080.0,3100.1,NSE,3118.0,,3110.0,2464.5,3067.1,3084.0,TCS,Tata Consultancy Services Limited,1985192
2021-05-18,,,,,,,-10.66905756337701,,BUY,BUY,6.839431568868072,-17.50848913224508,2021.4310247330284,,SELL,SELL,1954.3,1954.3,1987.95,1954.3,1954.3,NSE,2002.6,,2041.6999999999998,1954.675,1972.5,1981.0,RELIANCE,Reliance Industries Limited,5566402
2021-05-18,,,,,,,-15.193224014664338,,SELL,SELL,-2.9501794388515314,-12.243044575812807,3156.516356202256,,SELL,SELL,3082.05,3100.1,3088.8,3082.05,3100.1,NSE,3124.0,,3096.025,2464.5,3078.0,3100.0,TCS,Tata Consultancy Services Limited,2098224
2021-05-18,,,,,,,-7.2714029266226134,,BUY,BUY,7.432264306971382,-14.703667233593995,1381.3,TRUE,BUY,SELL,1432.025,1432.025,1476.7,1432.025,1432.025,NSE,1482.75,,1506.4,1196.5,1455.0,1458.95,HDFCBANK,HDFC Bank Limited,11079102
2021-05-17,,,,,,,-15.53991645650558,,BUY,BUY,3.6784305679565215,-19.2183470244621,2026.2406507635712,,SELL,SELL,1934.725,1936.9,1960.35,1934.725,1936.9,NSE,1963.45,,2041.6999999999998,1953.85,1930.4,1937.3,RELIANCE,Reliance Industries Limited,5476053
2021-05-17,,,,,,,-13.253690436569741,,BUY,BUY,3.3080428737671,-16.56173331033684,1490.0955072,,SELL,SELL,1411.9499999999998,1411.9499999999998,1440.25,1411.9499999999998,1411.9499999999998,NSE,1442.6,,1506.4,1194.4,1381.3,1395.15,HDFCBANK,HDFC Bank Limited,7555582
2021-05-17,,,,,,,-15.713859499944647,,SELL,SELL,-4.208359783844724,-11.505499716099923,3166.2514427683573,,SELL,SELL,3100.1,3099.6,3069.75,3100.1,3099.6,NSE,3075.2,,3087.75,2464.5,3036.0,3055.0,TCS,Tata Consultancy Services Limited,2889499
2021-05-14,,,,,,,-18.72068665891311,,BUY,BUY,1.417268007538123,-20.137954666451233,2031.2506778787201,,SELL,SELL,1930.825,1942.5,1937.3,1930.825,1942.5,NSE,1942.0,,2049.85,1920.675,1906.0,1928.05,RELIANCE,Reliance Industries Limited,6131957
2021-05-14,,,,,,,-16.98521099746131,,BUY,BUY,0.40353303131730556,-17.388744028778614,1496.97288,,SELL,SELL,1406.175,1403.65,1386.85,1406.175,1403.65,NSE,1398.9,,1495.325,1184.9,1382.35,1394.35,HDFCBANK,HDFC Bank Limited,5300404
2021-05-14,,,,BUY,,,-14.210178108430227,,SELL,SELL,-3.7567683382914865,-10.453409770138741,3176.607917838678,,SELL,SELL,3102.1,3084.1,3051.5,3102.1,3084.1,NSE,3098.5,,3078.025,2443.825,3040.0,3098.5,TCS,Tata Consultancy Services Limited,2043646
2021-05-12,,,,,,,-16.063839626126992,,BUY,BUY,1.4257876604809496,-17.48962728660794,1501.478,,SELL,SELL,1409.425,1415.55,1399.5,1409.425,1415.55,NSE,1408.6,,1499.325,1182.4,1388.85,1399.75,HDFCBANK,HDFC Bank Limited,6885906
2021-05-12,TRUE,,BUY,,,,-10.226058541684324,TRUE,SELL,BUY,-0.7118408561184548,-9.51421768556587,3187.625444509232,,SELL,SELL,3117.3999999999996,3084.1,3087.6,3117.3999999999996,3084.1,NSE,3120.0,,3078.025,2443.825,3070.6,3120.0,TCS,Tata Consultancy Services Limited,1977345
2021-05-12,,,,,,,-20.161296093129295,,BUY,BUY,0.3309755752064696,-20.492271668335764,2033.794569264,,SELL,SELL,1931.125,1971.3,1913.15,1931.125,1971.3,NSE,1932.9,,2065.85,1920.675,1907.0,1930.1,RELIANCE,Reliance Industries Limited,6077675
2021-05-11,,,,,,,-15.942178863062281,,BUY,BUY,1.9038953386658974,-17.84607420172818,1503.65,TRUE,SELL,BUY,1405.85,1440.475,1403.55,1405.85,1440.475,NSE,1424.2,,1530.2,1162.3,1395.05,1396.0,HDFCBANK,HDFC Bank Limited,7257682
2021-05-11,,,,,,,-8.667766897703586,TRUE,BUY,SELL,0.6684905738326687,-9.336257471536255,3199.3462175630125,,SELL,SELL,3108.3,3084.1,3122.6,3108.3,3084.1,NSE,3128.1,,3078.025,2443.825,3091.15,3125.0,TCS,Tata Consultancy Services Limited,2415443
2021-05-11,,,,,,,-19.24787328235584,,BUY,BUY,1.3271422797815404,-20.57501556213738,2036.3903768,,SELL,SELL,1931.125,1975.55,1933.15,1931.125,1975.55,NSE,1938.55,,2094.6,1911.675,1910.0,1915.0,RELIANCE,Reliance Industries Limited,6219050
2021-05-10,,,,,,,-15.967372887469537,,BUY,BUY,2.3546751489251143,-18.32204803639465,1389.017,,BUY,BUY,1405.85,1440.475,1419.85,1405.85,1440.475,NSE,1430.0,,1530.2,1133.375,1412.8,1427.0,HDFCBANK,HDFC Bank Limited,5529155
2021-05-10,,,,,,,-10.116379862692611,,SELL,SELL,-0.6129997476981881,-9.503380114994423,3211.8151250670344,,SELL,SELL,3099.6,3084.1,3145.5,3099.6,3084.1,NSE,3164.2,,3078.025,2443.825,3125.0,3145.95,TCS,Tata Consultancy Services Limited,2136730
2021-05-10,,,,,,,-19.838408192498264,,BUY,BUY,1.068392939584502,-20.906801132082766,2039.03916,,SELL,SELL,1937.1999999999998,1975.55,1926.2,1937.1999999999998,1975.55,NSE,1946.8,,2098.95,1909.525,1920.95,1939.0,RELIANCE,Reliance Industries Limited,6429873
2021-05-07,,,,,,,-14.149825794548633,,SELL,SELL,-4.799695616478758,-9.350130178069875,3225.079920284079,,SELL,SELL,3081.925,3081.925,3132.9,3081.925,3081.925,NSE,3159.85,,3071.025,2443.825,3111.8,3133.0,TCS,Tata Consultancy Services Limited,1911881
2021-05-07,,,,,,,-19.5959504495529,,BUY,BUY,1.5779489174259886,-21.17389936697889,2041.742,,SELL,SELL,1942.8,1975.55,1931.75,1942.8,1975.55,NSE,1955.65,,2098.95,1909.525,1926.0,1937.75,RELIANCE,Reliance Industries Limited,5665190
2021-05-07,,,,,,,-17.426913291167693,,BUY,BUY,1.4838035324582357,-18.91071682362593,1381.7,,BUY,BUY,1401.125,1440.475,1414.75,1401.125,1440.475,NSE,1424.95,,1530.2,1108.125,1410.25,1412.95,HDFCBANK,HDFC Bank Limited,6023122
2021-05-06,,,,BUY,,,-17.809244772378406,,SELL,SELL,-9.65903849842822,-8.150206273950186,3239.191404557531,,SELL,SELL,3069.0,3080.675,3111.45,3069.0,3080.675,NSE,3134.0,3328.5,3071.025,2441.5,3074.0,3105.5,TCS,Tata Consultancy Services Limited,1791393
2021-05-06,,,,,,,-18.517062485834913,,BUY,BUY,0.764605220905576,-19.28166770674049,1381.7,,BUY,BUY,1415.55,1440.475,1400.9,1415.55,1440.475,NSE,1410.8,1462.25,1537.025,1090.15,1395.0,1407.6,HDFCBANK,HDFC Bank Limited,5737149
2021-05-06,,,,,,,-19.56654510565454,,BUY,BUY,2.001841490680846,-21.568386596335387,2044.5,TRUE,SELL,BUY,1971.3,1975.55,1931.0,1971.3,1975.55,NSE,1935.0,2214.15,2107.35,1909.525,1906.6,1921.85,RELIANCE,Reliance Industries Limited,6748244
2021-05-05,,,,,,,-18.2289683672343,,BUY,BUY,1.2438506447325821,-19.472819011966884,1377.3,,BUY,BUY,1440.475,1440.475,1402.6,1440.475,1440.475,NSE,1409.6,1484.6,1540.575,1070.0,1381.7,1401.0,HDFCBANK,HDFC Bank Limited,7209318
2021-05-05,,,,,,,-19.168045265178307,,BUY,BUY,2.900801703827291,-22.068846969005598,1904.2100312985604,,BUY,BUY,1976.275,1969.925,1920.1,1976.275,1969.925,NSE,1938.5,2211.6,2116.45,1908.1,1908.05,1923.35,RELIANCE,Reliance Industries Limited,5716217
2021-05-05,TRUE,,BUY,,,,-20.036950525573957,,SELL,SELL,-14.301503876230825,-5.735446649343131,3254.2036218697135,,SELL,SELL,3080.675,3080.675,3095.7,3080.675,3080.675,NSE,3099.4,3274.35,3071.025,2423.95,3052.4,3070.0,TCS,Tata Consultancy Services Limited,1938546
2021-05-04,,,,,,,-17.76919778869683,,BUY,BUY,2.0145838844531987,-19.783781673150028,1377.3,,BUY,BUY,1440.475,1437.35,1388.35,1440.475,1437.35,NSE,1423.0,1490.25,1545.1,1064.4,1383.3,1409.95,HDFCBANK,HDFC Bank Limited,10741409
2021-05-04,,,,,,,-17.27078844674952,,BUY,BUY,5.523258948212899,-22.79404739496242,1898.3646159360003,,BUY,BUY,1977.75,1960.6,1916.6,1977.75,1960.6,NSE,1967.8,2250.0,2133.5,1908.1,1911.0,1950.0,RELIANCE,Reliance Industries Limited,10076697
2021-05-04,,,,,,,-20.98523022473546,,SELL,SELL,-18.825159544450035,-2.1600706802854246,3270.174065818844,,SELL,SELL,3080.675,3080.675,3049.75,3080.675,3080.675,NSE,3090.0,3262.75,3073.55,2423.95,3035.0,3062.8,TCS,Tata Consultancy Services Limited,1990581
2021-05-03,,,,BUY,,,-17.21179478294198,,SELL,SELL,-19.758013988769065,2.546219205827085,3287.163899807281,,SELL,SELL,3080.675,3114.675,3037.0,3080.675,3114.675,NSE,3055.0,3261.0,3066.55,2418.975,3004.0,3024.9,TCS,Tata Consultancy Services Limited,1545455
2021-05-03,,,,,,,-15.472993191527848,,BUY,BUY,4.81443445273548,-20.287427644263328,1376.49889968,,BUY,BUY,1440.475,1437.35,1414.45,1440.475,1437.35,NSE,1421.9,1491.3,1555.0,1057.5,1377.3,1393.0,HDFCBANK,HDFC Bank Limited,11235615
2021-05-03,,,,,,,-14.241623730184301,,BUY,BUY,9.933238401831343,-24.174862132015644,1892.2756416000002,,BUY,BUY,1991.375,1960.6,1959.05,1991.375,1960.6,NSE,1979.0,2244.0,2156.2,1908.1,1943.1,1966.0,RELIANCE,Reliance Industries Limited,10907624
2021-04-30,TRUE,,BUY,,,,-10.846983804028241,,SELL,SELL,-18.332706507047593,7.485722703019351,3298.2957289659175,,SELL,SELL,3088.675,3122.675,3035.65,3088.675,3122.675,NSE,3132.05,3276.35,3032.5,2401.2,3020.0,3099.0,TCS,Tata Consultancy Services Limited,3071355
2021-04-30,,,,,,,-14.97459396835552,,BUY,BUY,6.516442289091678,-21.4910362574472,1368.3828720000001,,BUY,BUY,1453.2,1437.35,1412.3,1453.2,1437.35,NSE,1453.8,1480.0,1556.25,1057.5,1407.5,1445.0,HDFCBANK,HDFC Bank Limited,17607850
2021-04-30,,,,,,,-14.490338964965304,,BUY,BUY,12.167832767508177,-26.65817173247348,1885.93296,,BUY,BUY,1978.0,1960.6,1994.5,1978.0,1960.6,NSE,2036.0,2244.9,2156.2,1908.1,1987.55,2008.5,RELIANCE,Reliance Industries Limited,9054509
2021-04-29,,,,,,,-2.4279416628828585,,SELL,SELL,-14.496840992664108,12.06889932978125,3302.892580577467,,SELL,SELL,3122.7,3167.525,3114.45,3122.7,3167.525,NSE,3157.35,3273.8,3009.4,2401.2,3105.5,3123.0,TCS,Tata Consultancy Services Limited,1620669
2021-04-29,,,,,,,-18.206476025141228,,BUY,BUY,11.493653899209296,-29.700129924350524,1879.326,,BUY,BUY,1969.925,1960.6,2020.0,1969.925,1960.6,NSE,2044.5,2213.15,2147.2,1908.1,1993.15,1993.15,RELIANCE,Reliance Industries Limited,8031990
2021-04-29,,,,,,,-13.901733956694216,,BUY,BUY,9.218412873025905,-23.12014682972012,1359.7488,,BUY,BUY,1451.9250000000002,1437.35,1471.65,1451.9250000000002,1437.35,NSE,1503.65,1486.35,1556.25,1057.5,1461.0,1475.0,HDFCBANK,HDFC Bank Limited,12038399
2021-04-28,,,,,,,-18.37307650243997,,BUY,BUY,7.051673545536623,-25.424750047976595,1354.78,,BUY,BUY,1425.025,1425.025,1476.8,1425.025,1425.025,NSE,1479.0,1481.05,1554.25,1057.5,1431.0,1436.25,HDFCBANK,HDFC Bank Limited,12051364
2021-04-28,,,,,,,0.3298603669118165,,SELL,SELL,-15.36324921103546,15.693109577947277,3307.583245487211,,SELL,SELL,3120.525,3167.225,3124.1,3120.525,3167.225,NSE,3151.0,3216.8,2986.6,2401.2,3112.0,3149.95,TCS,Tata Consultancy Services Limited,1638446
2021-04-28,,,,,,,-25.28116040340001,,BUY,BUY,7.292382995752838,-32.57354339915285,1876.7,TRUE,BUY,SELL,1942.35,1942.35,1997.3,1942.35,1942.35,NSE,2008.0,2183.0,2147.2,1908.1,1980.15,1997.85,RELIANCE,Reliance Industries Limited,7895515
2021-04-27,,,,,,,-24.33725442079276,,BUY,BUY,2.850414013567992,-27.187668434360752,1353.0,TRUE,BUY,SELL,1406.525,1403.0,1438.7,1406.525,1403.0,NSE,1442.0,1480.3,1574.375,1057.5,1404.8,1407.25,HDFCBANK,HDFC Bank Limited,10294655
2021-04-27,,,,,,,-31.63203158578267,TRUE,BUY,SELL,2.7646075623083846,-34.396639148091054,1999.1338058818878,,SELL,SELL,1936.95,1936.95,1988.65,1936.95,1936.95,NSE,1997.2,2175.0,2147.2,1908.1,1938.25,1940.0,RELIANCE,Reliance Industries Limited,9225574
2021-04-27,,,,,,,2.86247517051288,,SELL,SELL,-16.671446710193262,19.533921880706142,3312.369638252256,,SELL,SELL,3156.7,3160.025,3132.0,3156.7,3160.025,NSE,3136.1,3200.25,2980.725,2401.2,3103.0,3106.0,TCS,Tata Consultancy Services Limited,1470844
2021-04-26,,,,,,,-27.716445081369784,TRUE,BUY,SELL,0.18382685638296792,-27.900271937752752,1448.3555314794633,,SELL,SELL,1402.8249999999998,1399.0,1404.8,1402.8249999999998,1399.0,NSE,1429.0,1483.05,1574.375,1057.5,1402.75,1413.0,HDFCBANK,HDFC Bank Limited,15082999
2021-04-26,,,,,,,5.2490129719017204,,SELL,SELL,-18.452770586352738,23.70178355825446,3317.2537125023023,,SELL,SELL,3156.7,3205.575,3100.8,3156.7,3205.575,NSE,3153.0,3200.15,2980.725,2401.2,3088.05,3102.05,TCS,Tata Consultancy Services Limited,2488617
2021-04-26,,,,,,,-38.39722307186662,,SELL,SELL,-3.309432033198469,-35.08779103866815,2006.9487296615828,,SELL,SELL,1919.35,1919.35,1937.85,1919.35,1919.35,NSE,1962.0,2214.6,2132.725,1908.1,1911.5,1920.0,RELIANCE,Reliance Industries Limited,9619150
2021-04-23,,,,,,,11.395481031537656,,SELL,SELL,-16.919495173304988,28.314976204842644,3322.2374617370433,,SELL,SELL,3169.025,3213.7,3109.5,3169.025,3213.7,NSE,3119.0,3183.2,2980.725,2401.2,3091.05,3105.0,TCS,Tata Consultancy Services Limited,1614956
2021-04-23,,,,,,,-41.30119877851416,,SELL,SELL,-7.040765748145631,-34.26043303036853,2015.262478363386,,SELL,SELL,1913.3000000000002,1941.525,1904.35,1913.3000000000002,1941.525,NSE,1918.9,2227.4,2116.75,1908.1,1895.35,1906.0,RELIANCE,Reliance Industries Limited,5456818
2021-04-23,,,,,,,-28.174736505140572,,SELL,SELL,-0.22850785329207923,-27.946228651848493,1456.6473168255036,,SELL,SELL,1408.025,1399.0,1414.15,1408.025,1399.0,NSE,1434.6,1499.85,1578.625,1057.5,1400.2,1409.0,HDFCBANK,HDFC Bank Limited,11353288
2021-04-22,,,,,,,-40.99607397094769,,SELL,SELL,-8.495832377615564,-32.50024159333213,2024.1068918759424,,SELL,SELL,1918.85,1949.35,1906.4,1918.85,1949.35,NSE,1914.45,2190.5,2107.425,1908.1,1876.7,1892.25,RELIANCE,Reliance Industries Limited,6686784
2021-04-22,,,,,,,-29.301868664133508,,SELL,SELL,-1.4127669756080365,-27.88910168852547,1465.660126984243,,SELL,SELL,1408.025,1406.95,1422.5,1408.025,1406.95,NSE,1426.8,1500.95,1578.625,1057.5,1371.05,1380.0,HDFCBANK,HDFC Bank Limited,19240133
2021-04-22,,,,,,,18.189038721741326,,SELL,SELL,-14.355811276427566,32.54484999816889,3327.32292013984,,SELL,SELL,3167.225,3213.7,3118.8,3167.225,3213.7,NSE,3148.0,3143.75,2988.0,2401.2,3105.25,3148.0,TCS,Tata Consultancy Services Limited,1988474
2021-04-20,,,,,,,25.64861179219406,,SELL,SELL,-10.485191025081726,36.133802817275786,3332.5121634079997,,SELL,SELL,3160.025,3213.7,3144.55,3160.025,3213.7,NSE,3225.35,3141.25,2988.0,2401.2,3126.35,3225.0,TCS,Tata Consultancy Services Limited,3141448
2021-04-20,,,,,,,-40.219044504258136,,SELL,SELL,-9.842761005329898,-30.376283498928238,2029.69467903744,,SELL,SELL,1925.5,1968.45,1901.15,1925.5,1968.45,NSE,1919.0,2209.65,2107.425,1908.1,1890.45,1910.5,RELIANCE,Reliance Industries Limited,7937897
2021-04-20,,,,,,,-31.164471984678812,,SELL,SELL,-3.6285620400553498,-27.535909944623462,1475.4566597654816,,SELL,SELL,1403.0,1406.95,1391.4,1403.0,1406.95,NSE,1426.4,1520.55,1578.625,1057.5,1383.95,1425.0,HDFCBANK,HDFC Bank Limited,11590505
2021-04-19,,,,,,,-29.921984266761456,,SELL,SELL,-3.293214832151829,-26.628769434609627,1486.10506496248,,SELL,SELL,1399.0,1407.825,1412.4,1399.0,1407.825,NSE,1417.7,1504.0,1578.625,1057.5,1372.3,1390.0,HDFCBANK,HDFC Bank Limited,12028959
2021-04-19,,,,,,,32.17485070332168,,SELL,SELL,-6.5802498702245344,38.755100573546216,3337.8073096,,SELL,SELL,3205.575,3213.7,3161.8,3205.575,3213.7,NSE,3189.0,3129.45,2988.95,2401.2,3135.1,3169.0,TCS,Tata Consultancy Services Limited,2677366
2021-04-19,,,,,,,-38.1077226103489,,SELL,SELL,-10.192129362753136,-27.915593247595766,2035.515290664,,SELL,SELL,1925.7,1968.45,1901.7,1925.7,1968.45,NSE,1916.4,2201.25,2073.475,1908.1,1890.0,1904.0,RELIANCE,Reliance Industries Limited,8525905
2021-04-16,,,,,,,-34.91461397324497,,SELL,SELL,-9.547053066337487,-25.36756090690748,2038.2758068,,SELL,SELL,1953.3,1973.575,1932.1,1953.3,1973.575,NSE,1949.9,2168.9,2073.475,1907.87,1926.45,1936.6,RELIANCE,Reliance Industries Limited,7218496
2021-04-16,,,,,,,-30.039071081103202,,SELL,SELL,-4.233605354531534,-25.80546572657167,1497.6794184374783,,SELL,SELL,1399.0,1419.0,1428.65,1399.0,1419.0,NSE,1445.0,1511.7,1578.625,1053.375,1423.5,1434.95,HDFCBANK,HDFC Bank Limited,7801526
2021-04-16,,,,,,,38.28034326693114,TRUE,SELL,BUY,-2.119819774171205,40.400163041102346,3343.2105199999996,,SELL,SELL,3213.7,3213.7,3195.15,3213.7,3213.7,NSE,3247.0,3153.0,3006.425,2401.2,3182.6,3229.0,TCS,Tata Consultancy Services Limited,3224010
2021-04-15,,,,,,,-33.42647001863952,,SELL,SELL,-10.44567237831641,-22.98079764032311,2041.09266,,SELL,SELL,1961.125,1973.575,1944.3,1961.125,1973.575,NSE,1961.0,2160.3,2073.475,1907.87,1913.0,1926.3,RELIANCE,Reliance Industries Limited,9099922
2021-04-15,,,,,,,42.12073060060084,,BUY,BUY,1.1906126159556862,40.93011798464515,3348.7239999999997,,SELL,SELL,3213.7,3213.7,3218.95,3213.7,3213.7,NSE,3237.25,3159.15,3023.825,2401.2,3087.45,3160.3,TCS,Tata Consultancy Services Limited,6062463
2021-04-15,,,,,,,-31.406129944773966,,SELL,SELL,-6.659065556835181,-24.747064387938785,1510.2602374320415,,SELL,SELL,1406.95,1426.2,1430.1,1406.95,1426.2,NSE,1436.7,1515.85,1581.0,1053.375,1391.0,1405.0,HDFCBANK,HDFC Bank Limited,17221460
2021-04-13,,,,,,,-32.84181409520784,,SELL,SELL,-9.759516096477846,-23.08229799872999,1523.9350406870017,,SELL,SELL,1406.95,1450.5,1400.35,1406.95,1450.5,NSE,1406.45,1507.75,1581.825,1053.375,1361.0,1368.0,HDFCBANK,HDFC Bank Limited,9297467
2021-04-13,,,,,,,-32.28303580721763,,SELL,SELL,-11.913656261473623,-20.369379545744007,2043.967,,SELL,SELL,1973.575,1975.075,1931.8,1973.575,1975.075,NSE,1940.6,2094.45,2073.475,1902.27,1917.85,1924.0,RELIANCE,Reliance Industries Limited,8955777
2021-04-13,,,,,,,43.986523443202714,,BUY,BUY,3.3540586125464884,40.632464830656225,3354.35,TRUE,SELL,BUY,3213.7,3213.7,3104.05,3213.7,3213.7,NSE,3214.0,3146.35,3065.075,2398.775,3073.05,3214.0,TCS,Tata Consultancy Services Limited,8653610
2021-04-12,,,,,,,-31.167479114922344,,SELL,SELL,-10.525060140311815,-20.64241897461053,1538.79895726848,,SELL,SELL,1407.825,1457.775,1367.05,1407.825,1457.775,NSE,1399.0,1482.65,1581.825,1053.375,1353.0,1393.0,HDFCBANK,HDFC Bank Limited,11273265
2021-04-12,,,,,,,-29.081299256534066,,SELL,SELL,-11.690333776158464,-17.390965480375602,2046.9,TRUE,SELL,BUY,1973.575,1975.075,1911.15,1973.575,1975.075,NSE,1961.4,1976.1,2051.675,1902.27,1900.25,1959.0,RELIANCE,Reliance Industries Limited,9642328
2021-04-12,,,,,,,57.42705869404108,,BUY,BUY,17.633108516521474,39.793950177519605,3184.6521100825194,,BUY,BUY,3283.7749999999996,3207.625,3246.55,3283.7749999999996,3207.625,NSE,3338.1,3180.0,3083.325,2376.5,3213.2,3322.25,TCS,Tata Consultancy Services Limited,3790007
2021-04-09,,,,,,,-25.186528225686516,,SELL,SELL,-7.175374286153939,-18.011153939532576,1546.694635392,,SELL,SELL,1450.05,1488.8249999999998,1421.75,1450.05,1488.8249999999998,NSE,1432.8,1477.05,1581.825,1053.375,1415.1,1426.0,HDFCBANK,HDFC Bank Limited,14075918
2021-04-09,,,,,,,59.23767556047051,,BUY,BUY,23.85200251208127,35.385673048389236,3147.40135375917,,BUY,BUY,3252.675,3198.7,3322.25,3252.675,3198.7,NSE,3354.35,3158.5,3094.325,2376.5,3308.0,3354.0,TCS,Tata Consultancy Services Limited,2910325
2021-04-09,,,,,,,-22.469172979021323,,SELL,SELL,-8.000790942685338,-14.468382036335985,1965.4580799999999,,BUY,BUY,2004.5,2006.0,1982.05,2004.5,2006.0,NSE,2006.35,1970.05,2040.325,1902.27,1980.0,1998.45,RELIANCE,Reliance Industries Limited,6474894
2021-04-08,,,,,,,-22.755765043779093,,SELL,SELL,-6.538454675785001,-16.21731036799409,1551.9089952,,SELL,SELL,1460.475,1492.05,1432.8,1460.475,1492.05,NSE,1460.9,1478.95,1587.0,1053.375,1430.5,1453.0,HDFCBANK,HDFC Bank Limited,8802724
2021-04-08,,,,,,,-20.92178019602852,,SELL,SELL,-8.453595895363872,-12.46818430066465,1963.7959999999998,,BUY,BUY,2004.5,2008.05,2005.35,2004.5,2008.05,NSE,2022.0,1963.15,2017.85,1902.27,1993.0,2011.0,RELIANCE,Reliance Industries Limited,7091374
2021-04-08,,,,,,,52.97940580728846,,BUY,BUY,23.556733386919543,29.422672420368915,3111.668278284726,,BUY,BUY,3240.0,3189.025,3317.35,3240.0,3189.025,NSE,3335.0,3114.0,3094.325,2368.475,3266.05,3270.0,TCS,Tata Consultancy Services Limited,2577649
2021-04-07,,,,,,,44.71987741966586,,BUY,BUY,21.186388346026835,23.53348907363903,3084.664277075263,,BUY,BUY,3204.775,3160.3,3271.4,3204.775,3160.3,NSE,3277.55,3081.5,3130.9750000000004,2368.475,3234.8,3259.0,TCS,Tata Consultancy Services Limited,2491184
2021-04-07,,,,,,,-21.014791150156952,,SELL,SELL,-10.66000582333327,-10.354785326823682,1962.1,TRUE,BUY,SELL,2006.0,2020.925,2002.85,2006.0,2020.925,NSE,2046.9,1985.65,2017.85,1868.8,1993.3,2000.0,RELIANCE,Reliance Industries Limited,11196354
2021-04-07,,,,,,,-20.447325272780517,,SELL,SELL,-5.864628573732677,-14.58269669904784,1557.34062,,SELL,SELL,1484.775,1492.05,1447.2,1484.775,1492.05,NSE,1456.7,1509.95,1587.0,1053.375,1421.55,1439.3,HDFCBANK,HDFC Bank Limited,12542401
2021-04-06,,,,,,,38.2057902424508,,BUY,BUY,19.968898255318482,18.23689198713232,3058.709405767344,,BUY,BUY,3167.95,3159.025,3264.7,3167.95,3159.025,NSE,3275.0,3080.5,3138.4,2337.5,3230.0,3275.0,TCS,Tata Consultancy Services Limited,2291197
2021-04-06,,,,,,,-20.573291805787903,,SELL,SELL,-12.883507934797539,-7.6897838709903645,2040.0455873407927,,SELL,SELL,2006.0,2035.8999999999999,1984.3,2006.0,2035.8999999999999,NSE,2004.95,2002.55,2017.85,1868.33,1969.0,2004.0,RELIANCE,Reliance Industries Limited,6463648
2021-04-06,,,,,,,-18.6696828701929,,SELL,SELL,-5.5531433145782305,-13.11653955561467,1559.9189999999999,,SELL,SELL,1496.775,1496.775,1440.25,1496.775,1496.775,NSE,1462.65,1497.3,1594.5,1050.5,1432.65,1460.0,HDFCBANK,HDFC Bank Limited,7536370
2021-04-05,,,,,,,30.017907478188135,,BUY,BUY,16.773240054885434,13.2446674233027,3036.010450852604,,BUY,BUY,3153.025,3140.825,3238.9,3153.025,3140.825,NSE,3263.0,3060.0,3145.675,2337.5,3151.0,3171.0,TCS,Tata Consultancy Services Limited,5317346
2021-04-05,,,,,,,-15.42156936186916,,SELL,SELL,-3.6933156348990472,-11.728253726970113,1562.55,TRUE,SELL,BUY,1496.775,1496.775,1449.6,1496.775,1496.775,NSE,1485.0,1432.8,1594.5,1033.5,1431.0,1480.0,HDFCBANK,HDFC Bank Limited,7994886
2021-04-05,,,,,,,-17.821802943617968,,SELL,SELL,-13.352896056326987,-4.46890688729098,2052.7344038846427,,SELL,SELL,2006.0,2035.8999999999999,1992.6,2006.0,2035.8999999999999,NSE,2025.0,1985.4,2007.975,1802.725,1962.1,2024.95,RELIANCE,Reliance Industries Limited,6862618
2021-04-01,,,,,,,-12.003481656890472,,SELL,SELL,-1.1985568386451213,-10.80492481824535,1454.6970800000001,,BUY,BUY,1506.4,1506.4,1492.5,1506.4,1506.4,NSE,1499.4,1458.2,1592.225,1014.425,1465.0,1499.4,HDFCBANK,HDFC Bank Limited,17873453
2021-04-01,,,,BUY,,,-14.895767298541386,,SELL,SELL,-13.765084425332155,-1.1306828732092322,2063.511822596185,,SELL,SELL,2013.85,2041.6999999999998,2020.0,2013.85,2041.6999999999998,NSE,2030.0,1997.05,1992.2,1802.725,2003.15,2018.0,RELIANCE,Reliance Industries Limited,5407801
2021-04-01,,,,,,,21.75747664121036,,BUY,BUY,12.70611923162902,9.05135740958134,3020.4461422310915,,BUY,BUY,3129.025,3110.0,3167.0,3129.025,3110.0,NSE,3215.0,3082.0,3172.9,2280.0,3145.0,3191.1,TCS,Tata Consultancy Services Limited,4283528
2021-03-31,,,,,,,-11.834162707526502,,SELL,SELL,-1.3288770989424332,-10.50528560858407,1452.496,,BUY,BUY,1506.4,1506.4,1494.8,1506.4,1506.4,NSE,1548.0,1476.7,1586.825,1010.975,1488.0,1548.0,HDFCBANK,HDFC Bank Limited,15382446
2021-03-31,,,,,,,18.218417985413453,,BUY,BUY,12.343590383739368,5.8748276016740855,3008.6661087564803,,BUY,BUY,3124.025,3096.025,3177.85,3124.025,3096.025,NSE,3205.0,3088.8,3187.4,2263.0,3132.0,3155.0,TCS,Tata Consultancy Services Limited,3529025
2021-03-31,TRUE,,BUY,,,,-13.734234278119175,,SELL,SELL,-16.04482251124298,2.3105882331238066,2075.758889313847,,SELL,SELL,2026.725,2041.6999999999998,2006.15,2026.725,2041.6999999999998,NSE,2049.9,1987.95,1989.0,1791.865,1999.0,2018.0,RELIANCE,Reliance Industries Limited,7494895
2021-03-30,,,,,,,12.33156976677219,,BUY,BUY,9.542639761032948,2.7889300057392434,3001.1751132880004,,BUY,BUY,3115.75,3087.75,3163.2,3115.75,3087.75,NSE,3188.45,3069.75,3187.4,2246.5,3060.9,3083.0,TCS,Tata Consultancy Services Limited,4690241
2021-03-30,,,,,,,-11.680098700046983,,SELL,SELL,-1.5070323661985228,-10.17306633384846,1450.25,TRUE,BUY,SELL,1506.4,1506.4,1548.8,1506.4,1506.4,NSE,1562.55,1440.25,1564.525,1010.975,1501.55,1506.65,HDFCBANK,HDFC Bank Limited,12801302
2021-03-30,,,,,,,-10.641743269825838,,SELL,SELL,-16.96353713076039,6.321793860934552,2089.6760105839166,,SELL,SELL,2041.6999999999998,2041.6999999999998,2029.3,2041.6999999999998,2041.6999999999998,NSE,2048.9,1960.35,1966.475,1770.86,1991.55,2008.0,RELIANCE,Reliance Industries Limited,9429454
2021-03-26,,,,,,,-16.81174647668172,,SELL,SELL,-7.01543823438289,-9.79630824229883,1515.4805353274717,,SELL,SELL,1478.85,1495.325,1491.3,1478.85,1495.325,NSE,1499.0,1386.85,1516.325,1010.975,1474.0,1494.0,HDFCBANK,HDFC Bank Limited,5999689
2021-03-26,,,,,,,-8.896902117133777,,SELL,SELL,-19.45958026075843,10.56267814362465,2105.490921118087,,SELL,SELL,2041.6999999999998,2049.85,1994.65,2041.6999999999998,2049.85,NSE,2013.7,1937.3,1956.1,1770.86,1973.7,2012.0,RELIANCE,Reliance Industries Limited,9308028
2021-03-26,,,,,,,6.130078843826141,,BUY,BUY,5.726808778345134,0.4032700654810062,2997.7501156000003,,BUY,BUY,3093.825,3078.025,3066.8,3093.825,3078.025,NSE,3118.0,3051.5,3144.95,2159.95,3043.05,3090.65,TCS,Tata Consultancy Services Limited,3695261
2021-03-25,,,,,,,-17.262515144652752,,SELL,SELL,-9.220066460949646,-8.042448683703107,1527.905399199371,,SELL,SELL,1480.725,1499.325,1463.35,1480.725,1499.325,NSE,1495.55,1399.5,1498.075,1010.975,1450.25,1490.2,HDFCBANK,HDFC Bank Limited,11979616
2021-03-25,,,,,,,7.940829282628329,,BUY,BUY,8.969261411733607,-1.0284321291052776,2994.2552200000005,,BUY,BUY,3087.0,3078.025,3064.85,3087.0,3078.025,NSE,3130.85,3087.6,3144.95,2159.95,3050.0,3112.2,TCS,Tata Consultancy Services Limited,3179108
2021-03-25,,,,,,,-3.012440833266737,,SELL,SELL,-18.440014042080996,15.427573208814257,2119.1232456867633,,SELL,SELL,2046.25,2065.85,1991.45,2046.25,2065.85,NSE,2054.0,1913.15,1909.8,1770.86,1985.0,2054.0,RELIANCE,Reliance Industries Limited,10145814
2021-03-24,,,,,,,10.335047780406967,,BUY,BUY,13.605795262445646,-3.2707474820386793,2990.6890000000003,,BUY,BUY,3078.025,3078.025,3121.1,3078.025,3078.025,NSE,3152.3,3122.6,3159.55,2159.95,3111.15,3111.2,TCS,Tata Consultancy Services Limited,2206243
2021-03-24,,,,BUY,,,-14.74095056966803,,SELL,SELL,-9.003518501202336,-5.7374320684656945,1538.8946502318267,,SELL,SELL,1491.225,1530.2,1478.8,1491.225,1530.2,NSE,1506.45,1403.55,1486.825,1010.975,1471.0,1490.9,HDFCBANK,HDFC Bank Limited,8184206
2021-03-24,,,,,,,4.867907072079561,,SELL,SELL,-15.169669647254945,20.037576719334506,2134.2702729852926,,SELL,SELL,2046.25,2094.6,2047.3,2046.25,2094.6,NSE,2079.75,1933.15,1909.8,1770.86,2040.4,2079.75,RELIANCE,Reliance Industries Limited,7761873
2021-03-23,,,,,,,9.168745204764036,,SELL,SELL,-14.661248926384207,23.829994131148243,2151.100303316992,,SELL,SELL,2046.25,2098.95,2087.5,2046.25,2098.95,NSE,2109.7,1926.2,1899.5,1770.86,2056.0,2061.95,RELIANCE,Reliance Industries Limited,8039074
2021-03-23,,,,,,,7.513340513492949,,BUY,BUY,14.18553681114304,-6.672196297650091,2987.05,TRUE,BUY,SELL,3078.025,3078.025,3142.6,3078.025,3078.025,NSE,3169.0,3145.5,3175.2749999999996,2159.95,3122.85,3140.0,TCS,Tata Consultancy Services Limited,3299928
2021-03-23,TRUE,,BUY,,,,-12.8811943220378,,SELL,SELL,-9.394641878872688,-3.486552443165111,1551.6728491067752,,SELL,SELL,1499.7,1530.2,1500.15,1499.7,1530.2,NSE,1507.45,1419.85,1486.825,1010.975,1469.1,1470.0,HDFCBANK,HDFC Bank Limited,9879785
2021-03-22,,,,,,,1.6134401035265,,BUY,BUY,11.83202060396235,-10.21858050043585,3151.641,,SELL,SELL,3071.025,3071.025,3129.65,3071.025,3071.025,NSE,3139.45,3132.9,3191.95,2159.95,3018.65,3048.7,TCS,Tata Consultancy Services Limited,2821224
2021-03-22,,,,,,,-12.493924430378456,,SELL,SELL,-11.356032456931517,-1.1378919734469388,1566.531219891599,,SELL,SELL,1500.4,1530.2,1469.15,1500.4,1530.2,NSE,1494.9,1414.75,1480.125,1010.975,1460.4,1494.9,HDFCBANK,HDFC Bank Limited,7005966
2021-03-22,,,,,,,10.431724127503458,,SELL,SELL,-17.063582235240837,27.495306362744294,2169.80033701888,,SELL,SELL,2054.4,2098.95,2062.4,2054.4,2098.95,NSE,2074.0,1931.75,1932.475,1770.86,2033.2,2071.0,RELIANCE,Reliance Industries Limited,8569337
2021-03-19,,,,,,,-4.6219010030640675,,BUY,BUY,8.55468464836237,-13.176585651426437,3155.0,,SELL,SELL,3071.025,3071.025,3050.2,3071.025,3071.025,NSE,3099.0,3111.45,3191.95,2147.5,3005.0,3030.0,TCS,Tata Consultancy Services Limited,5771920
2021-03-19,,,,,,,-8.661533776945816,,SELL,SELL,-10.362649917731758,1.701116140785941,1579.1422953313624,,SELL,SELL,1511.225,1537.025,1497.5,1511.225,1537.025,NSE,1511.2,1400.9,1465.0,1000.975,1474.05,1485.0,HDFCBANK,HDFC Bank Limited,10615741
2021-03-19,,,,,,,14.447646692490707,,SELL,SELL,-17.313555229063798,31.761201921554505,2190.5781522432,,SELL,SELL,2065.85,2107.35,2082.0,2065.85,2107.35,NSE,2095.85,1931.0,1972.675,1744.695,1982.8,1991.0,RELIANCE,Reliance Industries Limited,19268113
2021-03-18,,,,,,,-6.53056921526354,,SELL,SELL,-10.822347835482422,4.291778620218881,1590.0303281459583,,SELL,SELL,1540.575,1540.575,1491.0,1540.575,1540.575,NSE,1522.05,1402.6,1461.85,1000.975,1481.15,1511.75,HDFCBANK,HDFC Bank Limited,9032055
2021-03-18,,,,,,,17.36764026900164,,SELL,SELL,-18.721950459818814,36.089590728820454,2207.06320896,,SELL,SELL,2103.7,2116.45,2009.1,2103.7,2116.45,NSE,2084.8,1920.1,1975.0,1739.835,2001.0,2072.9,RELIANCE,Reliance Industries Limited,9526334
2021-03-18,,,,,,,-4.423781455431254,,BUY,BUY,10.891475358085776,-15.31525681351703,3155.0,TRUE,SELL,BUY,3071.025,3071.025,3036.5,3071.025,3071.025,NSE,3146.45,3095.7,3191.95,2147.5,2987.05,3125.95,TCS,Tata Consultancy Services Limited,3656265
2021-03-17,,,,,,,28.264539120926656,,SELL,SELL,-12.505539222848498,40.770078343775154,2218.039584,,SELL,SELL,2125.1,2133.5,2055.35,2125.1,2133.5,NSE,2103.0,1916.6,1975.0,1739.835,2035.1,2098.05,RELIANCE,Reliance Industries Limited,8862430
2021-03-17,,,,,,,-2.7116538661921368,,BUY,BUY,15.326471786846337,-18.038125653038474,2972.577042218778,,BUY,BUY,3098.0,3073.55,3112.95,3098.0,3073.55,NSE,3155.0,3049.75,3191.95,2147.5,3085.3,3105.0,TCS,Tata Consultancy Services Limited,3838059
2021-03-17,,,,,,,-3.0538752588579428,,SELL,SELL,-10.051240837947429,6.997365579089486,1598.711226245607,,SELL,SELL,1545.1,1545.1,1495.35,1545.1,1545.1,NSE,1539.0,1388.35,1460.25,1000.975,1490.2,1524.25,HDFCBANK,HDFC Bank Limited,10529695
2021-03-16,,,,,,,0.9851613947196256,,SELL,SELL,-8.525014393856718,9.510175788576344,1604.373644942135,,SELL,SELL,1555.0,1555.0,1512.15,1555.0,1555.0,NSE,1540.4,1414.45,1426.825,1000.975,1510.0,1530.9,HDFCBANK,HDFC Bank Limited,6857264
2021-03-16,,,,,,,37.05273308653386,,SELL,SELL,-6.843730062953419,43.89646314948728,2223.7704000000003,,SELL,SELL,2147.8,2156.2,2100.6,2147.8,2156.2,NSE,2126.0,1959.05,1975.0,1715.25,2095.5,2114.0,RELIANCE,Reliance Industries Limited,6400677
2021-03-16,,,,,,,-8.270914232418363,,BUY,BUY,13.598829367331696,-21.86974359975006,2953.8633802430863,,BUY,BUY,3066.55,3066.55,3110.05,3066.55,3066.55,NSE,3141.0,3037.0,3191.95,2139.0,3060.0,3060.0,TCS,Tata Consultancy Services Limited,4894038
2021-03-15,,,,,,,43.12344272137716,TRUE,SELL,BUY,-2.483952943848479,45.60739566522564,2229.7400000000002,,SELL,SELL,2156.2,2156.2,2108.9,2156.2,2156.2,NSE,2148.9,1994.5,1975.0,1715.25,2080.5,2140.05,RELIANCE,Reliance Industries Limited,7704678
2021-03-15,,,,,,,4.4155658304537155,,SELL,SELL,-7.225863556586807,11.641429387040523,1608.2017134813905,,SELL,SELL,1556.25,1556.25,1528.65,1556.25,1556.25,NSE,1548.4,1412.3,1426.825,1000.975,1515.3,1548.4,HDFCBANK,HDFC Bank Limited,6113750
2021-03-15,,,,,,,-14.950975074657435,,BUY,BUY,10.318475866925546,-25.26945094158298,2939.677587220746,,BUY,BUY,3054.55,3032.5,3066.15,3054.55,3032.5,NSE,3099.0,3035.65,3219.9,2139.0,3041.0,3041.0,TCS,Tata Consultancy Services Limited,3096789
2021-03-12,,,,,,,-18.789874912211417,,BUY,BUY,9.059194996102953,-27.84906990831437,2924.258246979072,,BUY,BUY,3054.55,3009.4,3057.95,3054.55,3009.4,NSE,3117.0,3114.45,3261.8,2139.0,3041.35,3075.0,TCS,Tata Consultancy Services Limited,2935075
2021-03-12,,,,,,,49.3995347611758,,BUY,BUY,3.171150859988039,46.22838390118776,2231.9,TRUE,SELL,BUY,2177.9,2147.2,2137.6,2177.9,2147.2,NSE,2206.4,2020.0,1995.0,1715.25,2123.9,2195.0,RELIANCE,Reliance Industries Limited,7780923
2021-03-12,,,,,,,7.049782898165404,,SELL,SELL,-6.398112378021821,13.447895276187225,1612.1892848764485,,SELL,SELL,1556.25,1556.25,1551.95,1556.25,1556.25,NSE,1600.0,1471.65,1426.825,1000.975,1535.05,1600.0,HDFCBANK,HDFC Bank Limited,7815258
2021-03-10,,,,,,,7.937095840617076,,SELL,SELL,-7.110327530075605,15.04742337069268,1616.343005079634,,SELL,SELL,1543.75,1554.25,1555.75,1543.75,1554.25,NSE,1575.0,1476.8,1458.9,1000.975,1552.15,1572.0,HDFCBANK,HDFC Bank Limited,5526834
2021-03-10,,,,,,,53.76938991362886,,BUY,BUY,8.333793727438106,45.43559618619075,2146.6,,BUY,BUY,2189.25,2147.2,2181.95,2189.25,2147.2,NSE,2215.1,1997.3,2004.0,1715.25,2170.25,2207.0,RELIANCE,Reliance Industries Limited,5313810
2021-03-10,,,,,,,-22.581490706148088,,BUY,BUY,7.5323779511920215,-30.11386865734011,2913.4747308287997,,BUY,BUY,3042.6499999999996,2986.6,3070.95,3042.6499999999996,2986.6,NSE,3093.2,3124.1,3230.1000000000004,2139.0,3060.0,3075.0,TCS,Tata Consultancy Services Limited,3053253
2021-03-09,,,,,,,8.567272056755428,,SELL,SELL,-8.257733196456154,16.825005253211582,1620.669796957952,,SELL,SELL,1554.25,1574.375,1562.5,1554.25,1574.375,NSE,1565.7,1438.7,1475.9,983.975,1538.25,1545.0,HDFCBANK,HDFC Bank Limited,7532470
2021-03-09,,,,,,,54.04917754583403,,BUY,BUY,10.6970297915028,43.35214775433123,2144.43224,,BUY,BUY,2169.55,2147.2,2191.05,2169.55,2147.2,NSE,2213.8,1988.65,2019.225,1658.84,2146.6,2200.0,RELIANCE,Reliance Industries Limited,6983480
2021-03-09,,,,,,,-28.41614954559236,TRUE,BUY,SELL,3.5808135995457526,-31.996963145138114,2906.47576128,,BUY,BUY,3036.7749999999996,2980.725,3050.95,3036.7749999999996,2980.725,NSE,3066.9,3132.0,3230.1000000000004,2139.0,2992.1,3006.95,TCS,Tata Consultancy Services Limited,1942069
2021-03-08,,,,,,,-33.41360647091051,,SELL,SELL,-0.5214399258859572,-32.89216654502455,2899.185168,,BUY,BUY,3014.725,2980.725,3006.95,3014.725,2980.725,NSE,3033.0,3100.8,3224.175,2122.875,2996.0,3016.0,TCS,Tata Consultancy Services Limited,2002308
2021-03-08,,,,,,,8.559718469982954,,SELL,SELL,-10.329720082342668,18.889438552325622,1625.1768718312,,SELL,SELL,1554.25,1574.375,1519.5,1554.25,1574.375,NSE,1555.0,1404.8,1475.9,983.975,1512.5,1542.0,HDFCBANK,HDFC Bank Limited,7557673
2021-03-08,,,,,,,52.69357299572766,,BUY,BUY,12.01568268927214,40.677890306455524,2125.232,,BUY,BUY,2160.5,2132.725,2191.1,2160.5,2132.725,NSE,2231.9,1937.85,2009.95,1648.965,2168.0,2168.5,RELIANCE,Reliance Industries Limited,8998923
2021-03-05,,,,,,,50.191785762744985,,BUY,BUY,12.517816128607492,37.67396963413749,2107.2,,BUY,BUY,2141.2,2116.75,2178.7,2141.2,2116.75,NSE,2211.95,1904.35,2006.25,1641.4399999999998,2153.05,2156.0,RELIANCE,Reliance Industries Limited,11770760
2021-03-05,,,,,,,-34.826162670558006,,SELL,SELL,-2.06435610700494,-32.761806563553066,2891.5908,,BUY,BUY,2991.625,2980.725,3008.05,2991.625,2980.725,NSE,3063.2,3109.5,3224.175,2065.225,2996.6,3016.1,TCS,Tata Consultancy Services Limited,3203169
2021-03-05,,,,,,,12.803754168757223,,SELL,SELL,-8.668114404154064,21.471868572911287,1627.30293044,,SELL,SELL,1558.55,1578.625,1530.0,1558.55,1578.625,NSE,1545.6,1414.15,1473.975,983.975,1521.1,1531.0,HDFCBANK,HDFC Bank Limited,8722364
2021-03-04,,,,,,,-36.23453567199067,,SELL,SELL,-3.9888181351888363,-32.245717536801834,2883.68,,BUY,BUY,2980.725,2988.0,3049.7,2980.725,2988.0,NSE,3081.45,3118.8,3193.975,2037.9499999999998,3016.05,3023.0,TCS,Tata Consultancy Services Limited,3916312
2021-03-04,,,,,,,16.96535967273826,,SELL,SELL,-6.673537501211545,23.638897173949804,1629.472378,,SELL,SELL,1558.5,1578.625,1552.05,1558.5,1578.625,NSE,1571.0,1422.5,1467.375,983.975,1539.1,1548.55,HDFCBANK,HDFC Bank Limited,8143853
2021-03-04,,,,,,,47.53107862882507,,BUY,BUY,12.986563026839448,34.54451560198562,2087.684,,BUY,BUY,2141.2,2107.425,2175.85,2141.2,2107.425,NSE,2189.95,1906.4,1975.25,1641.4399999999998,2157.7,2180.0,RELIANCE,Reliance Industries Limited,9890919
2021-03-03,,,,,,,19.78522182985239,,SELL,SELL,-5.5220597194003,25.30728154925269,1631.6861,,SELL,SELL,1578.625,1578.625,1586.85,1578.625,1578.625,NSE,1596.0,1391.4,1462.1,983.975,1565.0,1584.0,HDFCBANK,HDFC Bank Limited,5609861
2021-03-03,,,,,,,43.733869470566106,,BUY,BUY,12.435994625290341,31.297874845275764,2062.5,,BUY,BUY,2141.2,2107.425,2202.1,2141.2,2107.425,NSE,2219.9,1901.15,1961.75,1568.365,2107.2,2121.05,RELIANCE,Reliance Industries Limited,14724764
2021-03-03,,,,,,,-41.745811238590704,,SELL,SELL,-10.49729823558608,-31.248513003004625,2880.0,TRUE,BUY,SELL,2972.0,2988.0,3059.1,2972.0,2988.0,NSE,3064.0,3144.55,3139.625,2037.9499999999998,2996.9,3035.0,TCS,Tata Consultancy Services Limited,3509305
2021-03-02,,,,,,,19.553333574679982,,SELL,SELL,-7.134462904422783,26.687796479102765,1633.945,,SELL,SELL,1578.625,1578.625,1568.2,1578.625,1578.625,NSE,1587.5,1412.4,1457.6999999999998,983.975,1551.0,1575.7,HDFCBANK,HDFC Bank Limited,8054277
2021-03-02,,,,,,,35.5783934980891,,BUY,BUY,7.389517309135922,28.188876188953177,2057.5865798447708,,BUY,BUY,2092.775,2073.475,2106.0,2092.775,2073.475,NSE,2130.0,1901.7,1944.75,1568.365,2089.1,2122.0,RELIANCE,Reliance Industries Limited,7914070
2021-03-02,,,,,,,-49.130082071035304,,SELL,SELL,-20.505893626927197,-28.624188444108107,3072.8259506779577,,SELL,SELL,2954.95,2988.95,3006.35,2954.95,2988.95,NSE,3025.0,3161.8,3137.125,2037.9499999999998,2948.0,2960.0,TCS,Tata Consultancy Services Limited,3306155
2021-03-01,,,,,,,-52.46956837614016,,SELL,SELL,-28.97185333876385,-23.49771503737631,3099.120398497679,,SELL,SELL,2954.95,3006.425,2924.2,2954.95,3006.425,NSE,2965.0,3195.15,3137.125,2021.725,2901.8,2926.0,TCS,Tata Consultancy Services Limited,3265236
2021-03-01,,,,,,,34.43626389688279,,BUY,BUY,8.094767035213597,26.341496861669196,2042.2169533078732,,BUY,BUY,2082.8,2073.475,2101.7,2082.8,2073.475,NSE,2112.0,1932.1,1938.05,1568.365,2062.5,2110.2,RELIANCE,Reliance Industries Limited,8154314
2021-03-01,,,,,,,20.871856804264553,,SELL,SELL,-7.59955540094391,28.471412205208463,1636.25,,SELL,SELL,1578.625,1578.625,1558.9,1578.625,1578.625,NSE,1572.55,1428.65,1452.95,983.975,1540.7,1564.0,HDFCBANK,HDFC Bank Limited,6766876
2021-02-26,,,,,,,32.915418276479386,,BUY,BUY,8.597613173613588,24.317805102865798,2024.3452945440386,,BUY,BUY,2073.475,2073.475,2079.7,2073.475,2073.475,NSE,2133.9,1944.3,1945.7,1568.365,2070.7,2117.0,RELIANCE,Reliance Industries Limited,17292953
2021-02-26,,,,,,,23.19809035469052,,SELL,SELL,-7.17321070075392,30.37130105544444,1636.25,TRUE,SELL,BUY,1578.625,1581.0,1537.0,1578.625,1581.0,NSE,1588.9,1430.1,1447.95,983.975,1521.0,1587.05,HDFCBANK,HDFC Bank Limited,13953356
2021-02-26,,,,,,,-47.60440990191273,,SELL,SELL,-31.349658199227385,-16.254751702685347,3129.000452838272,,SELL,SELL,2988.0,3023.825,2900.05,2988.0,3023.825,NSE,2972.35,3218.95,3103.725,2021.725,2880.0,2960.0,TCS,Tata Consultancy Services Limited,5546218
2021-02-25,,,,,,,32.73549650968857,,BUY,BUY,10.567094700226175,22.1684018094624,2003.5642959814402,,BUY,BUY,2073.475,2073.475,2147.0,2073.475,2073.475,NSE,2152.0,1931.8,1945.7,1568.365,2073.0,2076.0,RELIANCE,Reliance Industries Limited,16083972
2021-02-25,,,,,,,-38.24336166896137,,SELL,SELL,-29.826024516082867,-8.417337152878503,3152.09494759808,,SELL,SELL,3008.575,3065.075,2985.05,3008.575,3065.075,NSE,3029.9,3104.05,3054.5,2021.725,2968.45,2974.0,TCS,Tata Consultancy Services Limited,4223554
2021-02-25,,,,,,,28.059601681165987,,SELL,SELL,-4.105002049466933,32.16460373063292,1522.65,TRUE,BUY,SELL,1579.45,1581.825,1605.4,1579.45,1581.825,NSE,1636.25,1400.35,1447.95,983.975,1602.0,1609.75,HDFCBANK,HDFC Bank Limited,10051372
2021-02-24,,,,,,,-34.39353848190058,,SELL,SELL,-33.43270745804279,-0.9608310238577857,3177.7554973312003,,SELL,SELL,3009.525,3083.325,2948.1,3009.525,3083.325,NSE,2987.55,3246.55,3037.5,2021.725,2921.15,2981.6,TCS,Tata Consultancy Services Limited,3552077
2021-02-24,,,,,,,26.892154658868776,,SELL,SELL,-6.29869958413088,33.190854242999656,1632.1602719999998,,SELL,SELL,1568.3000000000002,1581.825,1606.45,1568.3000000000002,1581.825,NSE,1613.95,1367.05,1443.35,983.975,1525.0,1527.95,HDFCBANK,HDFC Bank Limited,6636807
2021-02-24,,,,,,,25.177334596298124,,BUY,BUY,5.65070646189227,19.526628134405854,1989.2685181607276,,BUY,BUY,2051.675,2051.675,2061.0,2051.675,2051.675,NSE,2065.25,1911.15,1952.2,1568.365,2033.55,2038.0,RELIANCE,Reliance Industries Limited,4729533
2021-02-23,,,,,,,-25.217312690679137,,SELL,SELL,-32.61465853133205,7.397345840652912,3198.1559753600004,,SELL,SELL,3038.0,3094.325,2980.2,3038.0,3094.325,NSE,3028.0,3322.25,3037.5,2021.725,2968.0,2970.0,TCS,Tata Consultancy Services Limited,3832139
2021-02-23,,,,,,,24.904000028098608,,SELL,SELL,-9.861529110933766,34.765529139032374,1636.7232,,SELL,SELL,1572.225,1581.825,1529.15,1572.225,1581.825,NSE,1557.7,1421.75,1431.95,983.975,1522.65,1553.75,HDFCBANK,HDFC Bank Limited,9119583
2021-02-23,,,,,,,23.920519432715537,,BUY,BUY,5.80656791378275,18.113951518932787,1973.023316091736,,BUY,BUY,2051.675,2040.325,2023.45,2051.675,2040.325,NSE,2052.9,1982.05,1952.2,1568.365,2013.6,2048.0,RELIANCE,Reliance Industries Limited,11828745
2021-02-22,,,,,,,29.874697208052112,,SELL,SELL,-7.356214208713702,37.230911416765814,1638.84,,SELL,SELL,1587.0,1587.0,1548.0,1587.0,1587.0,NSE,1573.9,1432.8,1421.5,983.975,1539.45,1545.05,HDFCBANK,HDFC Bank Limited,14719902
2021-02-22,,,,,,,25.7917041594485,,BUY,BUY,9.129394618961399,16.6623095404871,1954.5628591951545,,BUY,BUY,2051.675,2017.85,2008.1,2051.675,2017.85,NSE,2089.9,2005.35,1958.725,1568.365,1994.95,2080.0,RELIANCE,Reliance Industries Limited,10983116
2021-02-22,,,,,,,-16.406678132564593,,SELL,SELL,-31.957688606050517,15.551010473485924,3220.3304080000003,,SELL,SELL,3055.4,3094.325,2958.45,3055.4,3094.325,NSE,3096.0,3317.35,2986.5,2021.725,2943.15,3096.0,TCS,Tata Consultancy Services Limited,5364929
2021-02-19,,,,,,,-2.7079165237337293,,SELL,SELL,-26.248349148732284,23.540432624998555,3233.3632000000002,,SELL,SELL,3112.575,3130.9750000000004,3071.85,3112.575,3130.9750000000004,NSE,3087.15,3271.4,2979.625,2021.725,3016.15,3058.0,TCS,Tata Consultancy Services Limited,3724821
2021-02-19,,,,,,,33.86530055834851,,SELL,SELL,-5.204664410595733,39.06996496894424,1641.0,TRUE,SELL,BUY,1587.0,1587.0,1539.1,1587.0,1587.0,NSE,1564.2,1447.2,1421.5,987.5,1533.0,1545.0,HDFCBANK,HDFC Bank Limited,8569489
2021-02-19,,,,,,,29.36777333197756,,BUY,BUY,14.98781244623081,14.37996088574675,1933.585067267221,,BUY,BUY,2066.7,2017.85,2080.3,2066.7,2017.85,NSE,2104.95,2002.85,1961.575,1568.365,2053.3,2057.0,RELIANCE,Reliance Industries Limited,10799057
2021-02-18,,,,,,,3.269890715519068,,SELL,SELL,-26.83262919666256,30.102519912181627,3241.795,,SELL,SELL,3138.25,3138.4,3057.35,3138.25,3138.4,NSE,3097.9,3264.7,2979.625,2021.725,3031.0,3065.0,TCS,Tata Consultancy Services Limited,4189603
2021-02-18,,,,,,,39.37235719006003,TRUE,SELL,BUY,-0.9987738815331468,40.371131071593176,1534.266741592498,,BUY,BUY,1594.5,1594.5,1554.3,1594.5,1594.5,NSE,1605.95,1440.25,1410.5,995.0,1548.0,1605.95,HDFCBANK,HDFC Bank Limited,7360025
2021-02-18,,,,,,,26.153697645540433,,BUY,BUY,15.520689871351387,10.633007774189046,1909.7466673491147,,BUY,BUY,2061.9,2017.85,2063.0,2061.9,2017.85,NSE,2108.4,1984.3,1961.575,1568.365,2059.1,2085.0,RELIANCE,Reliance Industries Limited,8601593
2021-02-17,,,,,,,12.328548090485128,,SELL,SELL,-24.48212912086214,36.81067721134727,3245.8,TRUE,SELL,BUY,3145.525,3145.675,3073.25,3145.525,3145.675,NSE,3132.85,3238.9,2979.625,2021.725,3045.55,3105.1,TCS,Tata Consultancy Services Limited,3675173
2021-02-17,,,,,,,44.281038822679875,,BUY,BUY,3.660214280703414,40.62082454197646,1519.7122063551112,,BUY,BUY,1602.6,1594.5,1586.2,1602.6,1594.5,NSE,1621.8,1449.6,1402.525,997.675,1583.0,1620.0,HDFCBANK,HDFC Bank Limited,6396278
2021-02-17,,,,,,,23.432405440007642,,BUY,BUY,16.679570133656444,6.752835306351199,1889.057408165683,,BUY,BUY,2034.1,2007.975,2078.6,2034.1,2007.975,NSE,2095.95,1992.6,1969.325,1568.365,2050.6,2060.0,RELIANCE,Reliance Industries Limited,10955980
2021-02-16,,,,,,,46.65421372362107,,BUY,BUY,6.948442751820458,39.70577097180061,1503.172961767172,,BUY,BUY,1602.6,1592.225,1625.5,1602.6,1592.225,NSE,1641.0,1492.5,1394.5,1005.575,1608.45,1621.2,HDFCBANK,HDFC Bank Limited,6948222
2021-02-16,,,,,,,18.029848400363562,,BUY,BUY,15.446905627426474,2.5829427729370877,1872.5058784409598,,BUY,BUY,2003.35,1992.2,2058.5,2003.35,1992.2,NSE,2079.4,2020.0,1953.225,1568.365,2035.0,2039.75,RELIANCE,Reliance Industries Limited,9883835
2021-02-16,,,,,,,22.092455531398627,,SELL,SELL,-20.838753960164176,42.931209491562804,3063.4791752854403,,BUY,BUY,3172.75,3172.9,3113.0,3172.75,3172.9,NSE,3167.65,3167.0,2934.7,2021.725,3100.0,3150.0,TCS,Tata Consultancy Services Limited,3435302
2021-02-15,,,,,,,45.00318657938806,,BUY,BUY,7.0345262955425625,37.968660283845495,1488.8977352968577,,BUY,BUY,1596.1,1586.825,1616.6,1596.1,1586.825,NSE,1625.0,1494.8,1394.5,1005.575,1596.7,1600.1,HDFCBANK,HDFC Bank Limited,5176446
2021-02-15,,,,,,,30.186134402798416,,SELL,SELL,-17.954763578805434,48.14089798160385,3059.758342128,,BUY,BUY,3188.675,3187.4,3139.85,3188.675,3187.4,NSE,3209.0,3177.85,2868.5,2021.725,3131.55,3209.0,TCS,Tata Consultancy Services Limited,2629213
2021-02-15,,,,,,,12.918514165758097,,BUY,BUY,14.197297799677628,-1.2787836339195309,1859.3892323839998,,BUY,BUY,2002.65,1989.0,2032.6,2002.65,1989.0,NSE,2061.3,2006.15,1938.625,1568.365,2025.0,2048.05,RELIANCE,Reliance Industries Limited,7284760
2021-02-12,,,,,,,37.3437225709813,,SELL,SELL,-15.285866305323907,52.629588876305206,3055.9615736,,BUY,BUY,3200.4750000000004,3187.4,3190.8,3200.4750000000004,3187.4,NSE,3245.5,3163.2,2868.5,2021.725,3182.0,3184.2,TCS,Tata Consultancy Services Limited,2776139
2021-02-12,,,,,,,8.843778263905278,,BUY,BUY,13.671886347744216,-4.828108083838938,1845.4353535999999,,BUY,BUY,2002.65,1966.475,2041.6,2002.65,1966.475,NSE,2078.0,2029.3,1938.625,1568.365,2015.4,2055.5,RELIANCE,Reliance Industries Limited,14073201
2021-02-12,,,,,,,43.14746558323054,,BUY,BUY,6.937436873270684,36.21002870995986,1473.036372552064,,BUY,BUY,1597.9250000000002,1564.525,1581.95,1597.9250000000002,1564.525,NSE,1592.5,1548.8,1394.5,1006.25,1573.0,1573.9,HDFCBANK,HDFC Bank Limited,4953958
2021-02-11,,,,,,,2.5979331198834643,,BUY,BUY,10.844012790658457,-8.246079670774993,1836.32016,,BUY,BUY,1992.1,1956.1,2055.7,1992.1,1956.1,NSE,2064.2,1994.65,1938.625,1568.365,1972.25,1980.0,RELIANCE,Reliance Industries Limited,19629549
2021-02-11,,,,,,,43.679291285106046,,BUY,BUY,9.20362179346386,34.475669491642186,1455.41263616896,,BUY,BUY,1589.825,1516.325,1572.35,1589.825,1516.325,NSE,1597.8,1491.3,1395.0,1007.35,1564.2,1582.0,HDFCBANK,HDFC Bank Limited,6823634
2021-02-11,,,,,,,40.74859005006556,,SELL,SELL,-15.702465402570624,56.45105545263618,3052.08732,,BUY,BUY,3187.4,3144.95,3206.0,3187.4,3144.95,NSE,3219.3,3066.8,2868.5,2021.725,3185.05,3215.0,TCS,Tata Consultancy Services Limited,1165499
2021-02-10,,,,BUY,,,-6.847460982047778,,BUY,BUY,4.10962188639183,-10.957082868439608,1833.192,,BUY,BUY,1947.3,1909.8,1974.3,1947.3,1909.8,NSE,1984.75,1991.45,1938.625,1568.365,1927.3,1953.75,RELIANCE,Reliance Industries Limited,9795735
2021-02-10,,,,,,,42.95409595900492,,SELL,SELL,-17.422575844273922,60.37667180327884,3048.134,,BUY,BUY,3187.4,3144.95,3213.3,3187.4,3144.95,NSE,3219.4,3064.85,2856.225,2021.725,3157.3,3185.0,TCS,Tata Consultancy Services Limited,2127681
2021-02-10,,,,,,,44.70021367135291,,BUY,BUY,12.525449628076693,32.17476404327622,1435.8307068544,,BUY,BUY,1587.5500000000002,1498.075,1581.75,1587.5500000000002,1498.075,NSE,1614.85,1463.35,1395.0,1009.5,1567.0,1608.35,HDFCBANK,HDFC Bank Limited,9891275
2021-02-09,,,BUY,BUY,,,-10.515619112410604,TRUE,BUY,SELL,1.4688692276269606,-11.984488340037565,1830.0,TRUE,BUY,SELL,1944.8,1909.8,1956.15,1944.8,1909.8,NSE,1989.6,2047.3,1938.625,1568.365,1952.3,1961.95,RELIANCE,Reliance Industries Limited,9044893
2021-02-09,,,,,,,44.39600604548832,,BUY,BUY,15.352604409231272,29.043401636257048,1414.073007616,,BUY,BUY,1586.825,1486.825,1611.85,1586.825,1486.825,NSE,1628.0,1478.8,1395.0,1012.375,1586.7,1610.0,HDFCBANK,HDFC Bank Limited,9209346
2021-02-09,,,,,,,44.401063923374295,,SELL,SELL,-20.331251840973025,64.73231576434732,3044.1,TRUE,BUY,SELL,3187.4,3159.55,3176.9,3187.4,3159.55,NSE,3245.8,3121.1,2852.35,2021.725,3164.0,3195.0,TCS,Tata Consultancy Services Limited,2657313
2021-02-08,,,,,,,40.297239133268704,,BUY,BUY,15.091988599319475,25.20525053394923,1389.89778624,,BUY,BUY,1564.525,1486.825,1605.25,1564.525,1486.825,NSE,1631.65,1500.15,1395.0,1020.0,1595.7,1620.0,HDFCBANK,HDFC Bank Limited,8722789
2021-02-08,,,,,,,49.30826937719348,,SELL,SELL,-20.506859347397096,69.81512872459058,3251.8776227129265,,SELL,SELL,3183.425,3175.2749999999996,3214.1,3183.425,3175.2749999999996,NSE,3226.0,3142.6,2838.175,2021.725,3155.15,3189.5,TCS,Tata Consultancy Services Limited,2526408
2021-02-08,TRUE,,BUY,,,,-13.196568302620335,,SELL,SELL,-0.8448626556760299,-12.351705646944305,1989.4008923497959,,SELL,SELL,1911.975,1899.5,1951.45,1911.975,1899.5,NSE,1969.0,2087.5,1938.625,1568.365,1929.05,1933.05,RELIANCE,Reliance Industries Limited,9772629
2021-02-05,,,,,,,-15.947938820995205,,SELL,SELL,-3.8074488379699076,-12.140489983025297,2003.2618395106476,,SELL,SELL,1900.0,1932.475,1924.95,1900.0,1932.475,NSE,1944.65,2062.4,1946.625,1568.365,1920.0,1930.05,RELIANCE,Reliance Industries Limited,9341735
2021-02-05,,,,,,,35.15158043246083,,BUY,BUY,13.719327048341473,21.43225338411936,1370.041072,,BUY,BUY,1509.625,1480.125,1597.6,1509.625,1480.125,NSE,1618.25,1469.15,1395.0,1020.0,1548.0,1548.0,HDFCBANK,HDFC Bank Limited,13522850
2021-02-05,,,,,,,51.06680042003654,,SELL,SELL,-23.87504314140331,74.94184356143985,3265.140024162688,,SELL,SELL,3140.975,3191.95,3157.95,3140.975,3191.95,NSE,3205.85,3129.65,2837.0,2021.725,3129.0,3198.95,TCS,Tata Consultancy Services Limited,2365676
2021-02-04,,,,,,,58.28562658133751,,SELL,SELL,-22.624977765453167,80.91060434679068,3279.2489618751997,,SELL,SELL,3140.975,3191.95,3184.0,3140.975,3191.95,NSE,3237.85,3050.2,2826.5,2021.725,3176.0,3216.05,TCS,Tata Consultancy Services Limited,2056508
2021-02-04,,,,,,,-16.529536263415594,,SELL,SELL,-5.340908489882773,-11.18862777353282,2018.328086424617,,SELL,SELL,1891.0,1972.675,1924.3,1891.0,1972.675,NSE,1940.0,2082.0,1946.625,1568.365,1905.0,1924.0,RELIANCE,Reliance Industries Limited,11822612
2021-02-04,,,,,,,28.851462157139395,,BUY,BUY,10.849040535105402,18.002421622033992,1356.1288,,BUY,BUY,1476.25,1465.0,1574.0,1476.25,1465.0,NSE,1588.0,1497.5,1395.0,1020.0,1543.45,1566.0,HDFCBANK,HDFC Bank Limited,12242004
2021-02-03,,,,,,,63.99931922239648,,SELL,SELL,-22.567529565757496,86.56684878815398,3294.25847008,,SELL,SELL,3159.55,3191.95,3200.05,3159.55,3191.95,NSE,3236.0,3036.5,2826.5,2021.725,3162.65,3213.0,TCS,Tata Consultancy Services Limited,2505608
2021-02-03,,,,,,,-16.965254653364354,,SELL,SELL,-7.111854002302227,-9.853400651062127,2034.7044417658879,,SELL,SELL,1891.0,1975.0,1930.65,1891.0,1975.0,NSE,1952.0,2009.1,1946.625,1568.365,1900.0,1928.3,RELIANCE,Reliance Industries Limited,13974486
2021-02-03,,,,,,,22.79347174526174,,BUY,BUY,7.503310257004101,15.29016148825764,1346.73,,BUY,BUY,1461.85,1461.85,1574.8,1461.85,1461.85,NSE,1581.7,1491.0,1405.5,1021.5,1542.0,1579.0,HDFCBANK,HDFC Bank Limited,10116451
2021-02-02,,,,,,,-17.92116787612281,,SELL,SELL,-9.845730725636239,-8.07543715048657,2052.5048280063997,,SELL,SELL,1885.0,1975.0,1925.8,1885.0,1975.0,NSE,1940.0,2055.35,1994.0,1568.365,1854.95,1914.25,RELIANCE,Reliance Industries Limited,19134315
2021-02-02,,,,,,,14.648277121443016,TRUE,BUY,SELL,1.2339431974364015,13.414333924006614,1342.0,TRUE,BUY,SELL,1460.25,1460.25,1560.55,1460.25,1460.25,NSE,1578.5,1495.35,1405.075,1029.2,1497.4,1501.0,HDFCBANK,HDFC Bank Limited,21209121
2021-02-02,,,,,,,68.72698773193133,,SELL,SELL,-23.481743447662012,92.20873117959334,3310.226032,,SELL,SELL,3175.2749999999996,3191.95,3203.45,3175.2749999999996,3191.95,NSE,3224.0,3112.95,2815.225,2021.725,3150.0,3174.0,TCS,Tata Consultancy Services Limited,2881092
2021-02-01,,,,,,,-18.38677103860914,,SELL,SELL,-12.77276656953163,-5.614004469077511,2071.8530739199996,,SELL,SELL,1932.475,1975.0,1895.3,1932.475,1975.0,NSE,1905.0,2100.6,1989.3,1568.365,1848.0,1859.4,RELIANCE,Reliance Industries Limited,15766940
2021-02-01,,,,,,,73.41536480800005,,SELL,SELL,-24.663802233508804,98.07916704150885,3327.2128000000002,,SELL,SELL,3191.95,3191.95,3139.35,3191.95,3191.95,NSE,3165.0,3110.05,2779.925,2021.725,3044.1,3100.0,TCS,Tata Consultancy Services Limited,3984905
2021-02-01,,,,BUY,,,5.489890134366078,,SELL,SELL,-7.615957990281435,13.105848124647514,1485.7721959616001,,SELL,SELL,1412.25,1426.825,1476.75,1412.25,1426.825,NSE,1482.5,1512.15,1401.55,1034.95,1401.0,1410.25,HDFCBANK,HDFC Bank Limited,13176390
2021-01-29,,,,,,,84.85812442424822,,SELL,SELL,-19.38699317563784,104.24511759988606,3336.6800000000003,,SELL,SELL,3219.9,3219.9,3111.35,3219.9,3219.9,NSE,3216.85,3066.15,2769.5,2021.725,3100.0,3210.05,TCS,Tata Consultancy Services Limited,5445153
2021-01-29,TRUE,,BUY,,,,2.25296870526995,,SELL,SELL,-12.756868916947923,15.009837622217873,1494.9491446400002,,SELL,SELL,1411.5,1426.825,1390.5,1411.5,1426.825,NSE,1408.75,1528.65,1387.4499999999998,1034.95,1364.5,1391.35,HDFCBANK,HDFC Bank Limited,14351132
2021-01-29,,,,,,,-15.608151496348228,,SELL,SELL,-13.187338669653625,-2.4208128266946023,2092.8837759999997,,SELL,SELL,1972.675,1975.0,1841.95,1972.675,1975.0,NSE,1913.1,2108.9,1989.0,1568.365,1830.0,1894.3,RELIANCE,Reliance Industries Limited,20161952
2021-01-28,,,,,,,101.07985579736169,TRUE,SELL,BUY,-8.012010096433826,109.09186589379551,3339.8,TRUE,SELL,BUY,3261.8,3261.8,3196.55,3261.8,3261.8,NSE,3275.0,3057.95,2769.5,2021.725,3183.8,3230.0,TCS,Tata Consultancy Services Limited,3083653
2021-01-28,,,,,,,-6.402594895188258,,SELL,SELL,-7.278616735907062,0.8760218407188038,2107.1103999999996,,SELL,SELL,1995.0,1995.0,1876.55,1995.0,1995.0,NSE,1923.3,2137.6,1989.0,1568.365,1870.0,1880.15,RELIANCE,Reliance Industries Limited,15717190
2021-01-28,,,,,,,6.870527627328556,,SELL,SELL,-11.328527224126297,18.199054851454854,1504.7118560000001,,SELL,SELL,1418.175,1426.825,1371.45,1418.175,1426.825,NSE,1401.3,1551.95,1395.05,1034.95,1342.0,1389.9,HDFCBANK,HDFC Bank Limited,21348721
2021-01-27,,,,,,,1.9172623651313643,TRUE,SELL,BUY,-0.778413659564205,2.6956760246955693,2116.24,,SELL,SELL,2004.0,2004.0,1895.0,2004.0,2004.0,NSE,1925.0,2181.95,1986.5,1568.365,1888.0,1925.0,RELIANCE,Reliance Industries Limited,19549282
2021-01-27,,,,,,,14.60391334054043,,SELL,SELL,-6.427273316946,21.03118665748643,1508.8186,,SELL,SELL,1453.575,1458.9,1409.6,1453.575,1458.9,NSE,1471.9,1555.75,1395.05,1034.95,1406.15,1468.0,HDFCBANK,HDFC Bank Limited,11774329
2021-01-27,,,,,,,111.63952230199129,,BUY,BUY,0.5446538840873245,111.09486841790397,3215.053967550777,,BUY,BUY,3283.4,3230.1000000000004,3261.05,3283.4,3230.1000000000004,NSE,3306.45,3070.95,2769.5,2021.725,3227.0,3300.0,TCS,Tata Consultancy Services Limited,2786504
2021-01-25,,,,,,,20.377741456813965,,SELL,SELL,-2.260263529908965,22.63800498672293,1510.22,,SELL,SELL,1475.9,1475.9,1462.85,1475.9,1475.9,NSE,1481.0,1562.5,1403.55,1034.95,1455.15,1465.1,HDFCBANK,HDFC Bank Limited,10169753
2021-01-25,,,,,,,116.92637631623575,,BUY,BUY,5.96767136935361,110.95870494688214,3187.6706921350938,,BUY,BUY,3285.9,3230.1000000000004,3291.3,3285.9,3230.1000000000004,NSE,3339.8,3050.95,2732.225,2021.725,3278.65,3308.95,TCS,Tata Consultancy Services Limited,2272611
2021-01-25,,,,,,,10.629992724809881,,BUY,BUY,7.73971328522326,2.8902794395866205,2120.0,TRUE,SELL,BUY,2026.0,2019.225,1941.0,2026.0,2019.225,NSE,2034.95,2191.05,1984.025,1568.365,1932.0,2034.95,RELIANCE,Reliance Industries Limited,25009317
2021-01-22,,,,,,,16.91235048971157,,BUY,BUY,15.956999371430765,0.9553511182808054,1931.020788407627,,BUY,BUY,2021.675,2009.95,2049.6,2021.675,2009.95,NSE,2115.35,2191.1,1977.6,1568.365,2035.15,2111.0,RELIANCE,Reliance Industries Limited,14080289
2021-01-22,,,,,,,22.029024013122353,TRUE,SELL,BUY,-1.174046856077819,23.20307086920017,1511.65,TRUE,SELL,BUY,1475.9,1475.9,1443.55,1475.9,1475.9,NSE,1467.9,1519.5,1403.55,1034.95,1440.15,1467.9,HDFCBANK,HDFC Bank Limited,7695170
2021-01-22,,,,,,,118.89357723890771,,BUY,BUY,9.42679013436397,109.46678710454374,3160.9508239703496,,BUY,BUY,3257.675,3224.175,3303.1,3257.675,3224.175,NSE,3325.0,3006.95,2732.225,2021.725,3241.9,3241.9,TCS,Tata Consultancy Services Limited,3051737
2021-01-21,,,,,,,118.47362529309794,,BUY,BUY,11.363535722145187,107.11008957095275,3129.1414571075593,,BUY,BUY,3257.675,3224.175,3273.85,3257.675,3224.175,NSE,3309.15,3008.05,2732.225,2021.725,3262.1,3305.0,TCS,Tata Consultancy Services Limited,2777503
2021-01-21,,,,,,,13.62747112069951,,BUY,BUY,16.661369845276397,-3.0338987245768863,1914.587813486551,,BUY,BUY,2020.025,2006.25,2099.4,2020.025,2006.25,NSE,2120.0,2178.7,1977.6,1568.365,2075.0,2082.0,RELIANCE,Reliance Industries Limited,18035467
2021-01-21,,,,,,,25.781329762982978,,BUY,BUY,2.2847471797633503,23.496582583219627,1448.4358843661253,,BUY,BUY,1478.325,1473.975,1474.8,1478.325,1473.975,NSE,1494.35,1530.0,1403.55,1034.95,1468.15,1492.0,HDFCBANK,HDFC Bank Limited,13164831
2021-01-20,,,,,,,119.19254298709166,,BUY,BUY,14.923337346675197,104.26920564041646,3091.273163223285,,BUY,BUY,3224.175,3193.975,3308.8,3224.175,3193.975,NSE,3327.95,3049.7,2715.0,2021.725,3267.1,3270.0,TCS,Tata Consultancy Services Limited,3453358
2021-01-20,,,,,,,27.013817032616316,,BUY,BUY,4.088421244337528,22.925395788278788,1438.1452143792155,,BUY,BUY,1478.325,1467.375,1492.0,1478.325,1467.375,NSE,1501.0,1552.05,1411.25,1034.95,1486.0,1501.0,HDFCBANK,HDFC Bank Limited,6671687
2021-01-20,,,,,,,4.166007327950183,,BUY,BUY,11.365248513846169,-7.1992411858959855,1905.4338441346288,,BUY,BUY,1989.025,1975.25,2054.7,1989.025,1975.25,NSE,2058.0,2175.85,1967.825,1568.365,2001.4,2021.4,RELIANCE,Reliance Industries Limited,14266349
2021-01-19,,,,,,,26.442717990837764,,BUY,BUY,4.539427513643357,21.903290477194407,1426.1793190455994,,BUY,BUY,1478.325,1462.1,1503.85,1478.325,1462.1,NSE,1511.65,1586.85,1411.25,1034.95,1467.0,1491.8,HDFCBANK,HDFC Bank Limited,8677951
2021-01-19,,,,,,,-3.4195847468381544,,BUY,BUY,6.620968567519373,-10.040553314357528,1900.2019209735715,,BUY,BUY,1974.725,1961.75,2016.4,1974.725,1961.75,NSE,2031.0,2202.1,1957.1750000000002,1568.365,1994.65,1994.65,RELIANCE,Reliance Industries Limited,14767113
2021-01-19,,,,,,,114.81788821852251,,BUY,BUY,14.27951691477486,100.53837130374765,3060.712980492192,,BUY,BUY,3199.7,3139.625,3260.7,3199.7,3139.625,NSE,3279.0,3059.1,2699.175,2013.725,3232.0,3233.0,TCS,Tata Consultancy Services Limited,2975147
2021-01-18,,,,,,,112.46161412164292,,BUY,BUY,15.49312204658898,96.96849207505394,3031.6283869229455,,BUY,BUY,3197.2,3137.125,3215.0,3197.2,3137.125,NSE,3256.75,3006.35,2699.175,2009.225,3187.4,3250.0,TCS,Tata Consultancy Services Limited,4159970
2021-01-18,,,,,,,24.122621134009705,,BUY,BUY,3.3541875352261386,20.768433598783567,1415.724226188181,,BUY,BUY,1473.925,1457.6999999999998,1483.1,1473.925,1457.6999999999998,NSE,1502.85,1568.2,1418.85,1034.95,1467.0,1469.9,HDFCBANK,HDFC Bank Limited,21410919
2021-01-18,,,,,,,-9.152182853250224,TRUE,BUY,SELL,2.5436126029871478,-11.695795456237372,1897.7978785444607,,BUY,BUY,1948.45,1944.75,1983.95,1948.45,1944.75,NSE,1997.0,2106.0,1957.1750000000002,1568.365,1923.35,1949.1,RELIANCE,Reliance Industries Limited,16195245
2021-01-15,,,,BUY,,,-13.031939958478233,,SELL,SELL,-0.7002413514940748,-12.331698606984158,1895.3447740249599,,BUY,BUY,1933.725,1938.05,1937.45,1933.725,1938.05,NSE,1973.8,2101.7,1943.975,1568.365,1920.05,1960.6,RELIANCE,Reliance Industries Limited,9500671
2021-01-15,,,,,,,112.47143715985612,,BUY,BUY,19.376225596449416,93.0952115634067,2998.577712412438,,BUY,BUY,3197.2,3137.125,3233.35,3197.2,3137.125,NSE,3274.0,2924.2,2699.175,2009.225,3210.0,3235.0,TCS,Tata Consultancy Services Limited,4131236
2021-01-15,,,,,,,22.923186656618327,,BUY,BUY,2.9932999416412933,19.929886714977034,1406.7046957646455,,BUY,BUY,1466.6,1452.95,1466.65,1466.6,1452.95,NSE,1471.65,1558.9,1414.725,1034.95,1445.0,1469.1,HDFCBANK,HDFC Bank Limited,7081200
2021-01-14,,,,,,,108.9796631153963,,BUY,BUY,20.72850795110196,88.25115516429435,2968.808569347153,,BUY,BUY,3163.25,3103.725,3250.7,3163.25,3103.725,NSE,3266.5,2900.05,2689.575,2009.225,3120.4,3155.0,TCS,Tata Consultancy Services Limited,6930153
2021-01-14,TRUE,,BUY,,,,-13.059819900664024,,SELL,SELL,-0.9031816315533838,-12.15663826911064,1892.8416061479181,,BUY,BUY,1933.725,1945.7,1960.6,1933.725,1945.7,NSE,1966.9,2079.7,1952.725,1550.465,1939.05,1945.0,RELIANCE,Reliance Industries Limited,9945028
2021-01-14,,,,,,,22.733753026833483,,BUY,BUY,3.5521912972667735,19.18156172956671,1396.6829952940507,,BUY,BUY,1460.0,1447.95,1468.75,1460.0,1447.95,NSE,1488.0,1537.0,1414.725,1034.95,1456.0,1471.15,HDFCBANK,HDFC Bank Limited,6146998
2021-01-13,,,,,,,101.17118550787973,,BUY,BUY,18.10215733136087,83.06902817651886,2946.0962710295144,,BUY,BUY,3115.125,3054.5,3158.0,3115.125,3054.5,NSE,3177.0,2985.05,2675.025,2009.225,3126.25,3175.0,TCS,Tata Consultancy Services Limited,3572287
2021-01-13,,,,,,,-15.262534737408032,,SELL,SELL,-3.3316918761857366,-11.930842861222295,1890.2873532121614,,BUY,BUY,1933.725,1945.7,1936.0,1933.725,1945.7,NSE,1974.95,2147.0,1952.725,1508.8149999999998,1918.45,1963.55,RELIANCE,Reliance Industries Limited,12279508
2021-01-13,,,,,,,21.947475877154147,,BUY,BUY,3.653961971904131,18.293513905250016,1385.5477725489452,,BUY,BUY,1454.725,1447.95,1473.65,1454.725,1447.95,NSE,1496.9,1605.4,1414.725,1034.95,1462.1,1492.9,HDFCBANK,HDFC Bank Limited,8465607
2021-01-12,,,,,,,-15.347272078307924,,SELL,SELL,-4.249352186132063,-11.097919892175861,1887.6809726654708,,BUY,BUY,1929.25,1952.2,1955.5,1929.25,1952.2,NSE,1960.0,2061.0,1990.0,1473.965,1899.9,1903.0,RELIANCE,Reliance Industries Limited,18985373
2021-01-12,,,,,,,99.17169320871653,,BUY,BUY,20.628204365037902,78.54348884367863,2921.408990249472,,BUY,BUY,3115.125,3037.5,3174.85,3115.125,3037.5,NSE,3210.0,2948.1,2675.025,2009.225,3150.0,3176.45,TCS,Tata Consultancy Services Limited,3610993
2021-01-12,,,,,,,20.125755211531896,,BUY,BUY,2.745731799257914,17.38002341227398,1376.664970161897,,BUY,BUY,1450.125,1443.35,1481.0,1450.125,1443.35,NSE,1487.7,1606.45,1414.725,1034.95,1449.1,1452.45,HDFCBANK,HDFC Bank Limited,10191133
2021-01-11,,,,,,,16.75947530433382,TRUE,BUY,SELL,0.06588484187431476,16.693590462459504,1371.0329469807414,,BUY,BUY,1436.95,1431.95,1451.45,1436.95,1431.95,NSE,1464.9,1529.15,1405.7,1034.95,1436.3,1450.0,HDFCBANK,HDFC Bank Limited,8665183
2021-01-11,,,,,,,-17.217649235917406,,SELL,SELL,-7.182067390274561,-10.035581845642845,1885.0214006790518,,BUY,BUY,1938.05,1952.2,1897.25,1938.05,1952.2,NSE,1938.8,2023.45,1990.0,1458.365,1892.5,1938.8,RELIANCE,Reliance Industries Limited,15364445
2021-01-11,,,,,,,93.46148022747593,,BUY,BUY,20.075042475056776,73.38643775241916,2894.5749894016,,BUY,BUY,3115.125,3037.5,3176.45,3115.125,3037.5,NSE,3230.0,2980.2,2675.025,2009.225,3146.55,3230.0,TCS,Tata Consultancy Services Limited,9506279
2021-01-08,,,,,,,15.227831127446962,,SELL,SELL,-1.4492881245439655,16.677119251990927,1367.9926531049389,,BUY,BUY,1420.5,1421.5,1431.65,1420.5,1421.5,NSE,1442.0,1548.0,1405.7,1034.95,1423.1,1432.0,HDFCBANK,HDFC Bank Limited,6884382
2021-01-08,,,,,,,-13.423583000925646,,SELL,SELL,-5.183518002851441,-8.240064998074205,1882.3075517133182,,BUY,BUY,1952.025,1958.725,1933.7,1952.025,1958.725,NSE,1938.4,2008.1,1990.0,1458.365,1912.1,1918.0,RELIANCE,Reliance Industries Limited,12709792
2021-01-08,,,,,,,84.65082321902037,,BUY,BUY,16.283146085365402,68.36767713365496,2879.67552064,,BUY,BUY,3034.475,2986.5,3120.9,3034.475,2986.5,NSE,3128.0,2958.45,2675.025,2009.225,3060.0,3090.0,TCS,Tata Consultancy Services Limited,5879039
2021-01-07,,,,,,,15.067400470730263,,SELL,SELL,-1.9720408123966564,17.03944128312692,1364.8256803176446,,BUY,BUY,1421.0,1421.5,1416.25,1421.0,1421.5,NSE,1432.6,1539.1,1396.0,1034.95,1412.55,1432.5,HDFCBANK,HDFC Bank Limited,9946057
2021-01-07,,,,,,,-12.096995435522786,,SELL,SELL,-5.1528099381614405,-6.944185497361345,1879.5383180748145,,BUY,BUY,1952.025,1961.575,1911.15,1952.025,1961.575,NSE,1945.0,2080.3,1995.0,1458.365,1905.15,1920.5,RELIANCE,Reliance Industries Limited,14914695
2021-01-07,,,,,,,77.82993629958764,,BUY,BUY,13.533045687274026,64.29689061231362,2869.9015839999997,,BUY,BUY,2996.625,2979.625,3032.8,2996.625,2979.625,NSE,3080.85,3071.85,2675.025,2009.225,3000.25,3075.0,TCS,Tata Consultancy Services Limited,3717245
2021-01-06,,,,,,,-7.931831009346524,TRUE,SELL,BUY,-2.275847996525539,-5.655983012820985,1876.7125694640963,,BUY,BUY,1958.525,1961.575,1914.25,1958.525,1961.575,NSE,1966.0,2063.0,1995.0,1458.365,1905.15,1965.9,RELIANCE,Reliance Industries Limited,21406325
2021-01-06,,,,,,,16.21147042567395,,SELL,SELL,-1.320981060552132,17.532451486226083,1361.5267503308798,,BUY,BUY,1421.5,1410.5,1420.55,1421.5,1410.5,NSE,1440.0,1554.3,1385.325,1034.95,1413.1,1435.0,HDFCBANK,HDFC Bank Limited,11064005
2021-01-06,,,,,,,76.96211428533616,,BUY,BUY,16.04848509484104,60.913629190495115,2859.7203999999997,,BUY,BUY,2979.625,2979.625,3051.5,2979.625,2979.625,NSE,3113.5,3057.35,2668.525,2009.225,3037.2,3100.0,TCS,Tata Consultancy Services Limited,3725570
2021-01-05,,,,,,,16.9980983256105,,SELL,SELL,-0.8645984257536163,17.862696751364115,1358.0903649279999,,BUY,BUY,1421.5,1402.525,1425.85,1421.5,1402.525,NSE,1430.75,1586.2,1367.1,1034.95,1409.0,1419.2,HDFCBANK,HDFC Bank Limited,7191508
2021-01-05,,,,,,,72.83100888845001,,BUY,BUY,15.929500971665163,56.90150791678485,2849.115,,BUY,BUY,2979.625,2979.625,3093.0,2979.625,2979.625,NSE,3114.25,3073.25,2675.525,1994.0749999999998,3039.6,3039.6,TCS,Tata Consultancy Services Limited,5799938
2021-01-05,,,,,,,-2.8158308725273855,,BUY,BUY,2.271190141162215,-5.087021013689601,1873.829152514384,,BUY,BUY,1983.95,1969.325,1966.1,1983.95,1969.325,NSE,1983.6,2078.6,1995.0,1458.365,1956.0,1969.0,RELIANCE,Reliance Industries Limited,11124002
2021-01-04,,,,,,,-1.5242695215686126,,BUY,BUY,4.130549027411542,-5.654818548980154,1870.8868903208001,,BUY,BUY,1990.15,1953.225,1990.85,1990.15,1953.225,NSE,1998.9,2058.5,2027.55,1442.815,1968.0,1995.1,RELIANCE,Reliance Industries Limited,11306959
2021-01-04,,,,,,,62.273401507137805,,BUY,BUY,9.354268833269245,52.91913267386856,2845.0,TRUE,BUY,SELL,2947.875,2934.7,3039.45,2947.875,2934.7,NSE,3050.75,3113.0,2675.525,1994.0749999999998,2940.95,2950.0,TCS,Tata Consultancy Services Limited,5112028
2021-01-04,,,,,,,17.21524014224792,,SELL,SELL,-0.8636062155545972,18.07884635780252,1354.5107968,,BUY,BUY,1421.5,1394.5,1416.0,1421.5,1394.5,NSE,1438.0,1625.5,1342.25,1057.425,1399.0,1438.0,HDFCBANK,HDFC Bank Limited,7868222
2021-01-01,,,,,,,53.344624063977335,,BUY,BUY,2.7640585984260895,50.580565465551246,2949.86,,SELL,SELL,2898.5,2868.5,2928.25,2898.5,2868.5,NSE,2940.0,3139.85,2675.525,1994.0749999999998,2879.0,2880.0,TCS,Tata Consultancy Services Limited,2680845
2021-01-01,,,,,,,18.244897658868922,TRUE,SELL,BUY,-0.04985025282224598,18.294747911691168,1350.78208,,BUY,BUY,1424.0,1394.5,1425.05,1424.0,1394.5,NSE,1443.0,1616.6,1335.675,1057.425,1420.6,1440.0,HDFCBANK,HDFC Bank Limited,4403130
2021-01-01,,,,BUY,,,-2.3735963860310676,,BUY,BUY,4.313859419801973,-6.68745580583304,1867.88458196,,BUY,BUY,1996.775,1938.625,1987.5,1996.775,1938.625,NSE,1997.0,2032.6,2013.5,1442.815,1982.0,1988.0,RELIANCE,Reliance Industries Limited,4615712
